Lean ID;Current Requested Charge Amount;Charge Requested
58464749;200000;TMB_BONGKAR
58491543;150000;TMB_KOMISI SUPIR
58491543;150000;TMB_KOMISI SUPIR
58491543;100000;TMB_BONGKAR
58491543;300000;TMB_KOMISI SUPIR
58491543;100000;TMB_BIAYA INAP (OVERNIGHT CHARGE)
58491543;100000;TMB_BONGKAR
58491543;150000;TMB_KOMISI SUPIR
58491543;150000;TMB_KOMISI SUPIR
58491543;100000;TMB_BONGKAR
58491543;300000;TMB_KOMISI SUPIR
58491543;100000;TMB_BIAYA INAP (OVERNIGHT CHARGE)
58491543;100000;TMB_BONGKAR
58491543;108000;TMB_KOMISI SUPIR
58495494;200000;TMB_BONGKAR
58495494;140000;TMB_BIAYA INAP (OVERNIGHT CHARGE)
58495494;140000;TMB_BIAYA INAP (OVERNIGHT CHARGE)
58507192;210000;TMB_BIAYA INAP (OVERNIGHT CHARGE)
58507192;200000;TMB_BONGKAR
58531778;15000;TMB_STAPLE
58531993;140000;TMB_BIAYA INAP (OVERNIGHT CHARGE)
58531993;200000;TMB_BONGKAR
58532244;140000;TMB_BIAYA INAP (OVERNIGHT CHARGE)
58532244;200000;TMB_BONGKAR
58533221;19950;TMB_BONGKAR
58534074;100000;TMB_BIAYA INAP (OVERNIGHT CHARGE)
58534074;390000;TMB_TOLL
58534074;600000;TMB_BONGKAR
58534074;250000;TMB_KOMISI SUPIR
58535250;15000;TMB_STAPLE
58536410;15000;TMB_STAPLE
58536411;15000;TMB_STAPLE
58539729;150000;TMB_KOMISI SUPIR
58539729;100000;TMB_TOLL
58539729;100000;TMB_BIAYA INAP (OVERNIGHT CHARGE)
58539729;100000;TMB_BONGKAR
58539729;;TMB_BONGKAR
58539774;150000;TMB_KOMISI SUPIR
58539774;442000;TMB_KOMISI SUPIR
58539774;150000;TMB_TOLL
58544621;100000;TMB_MULTIDROP
58544621;60000;TMB_PARKIR
58546853;38500;TMB_BONGKAR
58546854;95500;TMB_BONGKAR
58546854;50000;TMB_MULTIDROP
58546872;36000;TMB_BONGKAR
58546874;66500;TMB_BONGKAR
58546874;25000;TMB_MULTIDROP
58546874;70000;TMB_BIAYA INAP (OVERNIGHT CHARGE)
58546874;18000;TMB_BONGKAR
58546876;17000;TMB_BONGKAR
58547878;150000;TMB_TOLL
58548580;50000;TMB_KOMISI SUPIR
58548580;100000;TMB_BIAYA INAP (OVERNIGHT CHARGE)
58549061;676000;TMB_BONGKAR
58549070;112000;TMB_BONGKAR
58549078;28700;TMB_BONGKAR
58549112;500000;TMB_BONGKAR
58549148;640000;TMB_BONGKAR
58549160;15000;TMB_STAPLE
58549174;15000;TMB_STAPLE
58549183;300000;TMB_KOMISI SUPIR
58549183;15000;TMB_STAPLE
58549188;15000;TMB_STAPLE
58549188;50000;TMB_KOMISI SUPIR
58549198;15000;TMB_STAPLE
58549210;15000;TMB_STAPLE
58549704;16000;TMB_BONGKAR
58549704;15000;TMB_STAPLE
58549713;15000;TMB_STAPLE
58549721;15000;TMB_STAPLE
58549724;15000;TMB_STAPLE
58549734;15000;TMB_STAPLE
58549761;15000;TMB_STAPLE
58549982;70000;TMB_BIAYA INAP (OVERNIGHT CHARGE)
58549982;400000;TMB_KOMISI SUPIR
58550832;150000;TMB_KOMISI SUPIR
58550832;100000;TMB_BONGKAR
58550832;100000;TMB_TOLL
58550937;150000;TMB_KOMISI SUPIR
58551922;800000;TMB_BONGKAR
58551922;150000;TMB_TOLL
58551923;800000;TMB_BONGKAR
58551923;150000;TMB_TOLL
58553721;100000;TMB_RAPIDTEST
58553721;100000;TMB_KOMISI SUPIR
58553721;100000;TMB_BIAYA INAP (OVERNIGHT CHARGE)
58553778;100000;TMB_RAPIDTEST
58553778;100000;TMB_KOMISI SUPIR
58553778;250000;TMB_TOLL
58555847;15000;TMB_STAPLE
58556260;50000;TMB_KOMISI SUPIR
58556269;50000;TMB_BONGKAR
58556269;1000000;TMB_KOMISI SUPIR
58556269;349000;TMB_TOLL
58556269;200000;TMB_BIAYA INAP (OVERNIGHT CHARGE)
58556269;50000;TMB_KOMISI SUPIR
58557567;67600;TMB_BONGKAR
58557574;134000;TMB_BONGKAR
58557574;47500;TMB_BONGKAR
58557574;50000;TMB_MULTIDROP
58557590;23000;TMB_BONGKAR
58557593;88000;TMB_BONGKAR
58557596;156000;TMB_BONGKAR
58557599;95000;TMB_BONGKAR
58557601;84600;TMB_BONGKAR
58558503;339000;UNBILLED BONGKAR
58558506;150000;TMB_TOLL
58558506;100000;TMB_BIAYA INAP (OVERNIGHT CHARGE)
58558506;200000;TMB_MULTIDROP
58558506;155000;TMB_TOLL
58558506;;TMB_BONGKAR
58558506;;TMB_BONGKAR
58558506;675000;UNBILLED BONGKAR
58558506;971000;UNBILLED BONGKAR
58558508;150000;TMB_KOMISI SUPIR
58558508;200000;TMB_BIAYA INAP (OVERNIGHT CHARGE)
58558508;100000;TMB_BONGKAR
58558532;900000;TMB_BONGKAR
58558532;86000;TMB_KOMISI SUPIR
58558532;50000;TMB_KOMISI SUPIR
58558532;100000;TMB_BIAYA INAP (OVERNIGHT CHARGE)
58558532;200000;TMB_KOMISI SUPIR
58558560;;TMB_BONGKAR
58558560;130000;TMB_RAPIDTEST
58558560;250000;TMB_KOMISI SUPIR
58559377;15000;TMB_STAPLE
58559414;15000;TMB_STAPLE
58559433;15000;TMB_STAPLE
58559435;15000;TMB_STAPLE
58559446;15000;TMB_STAPLE
58559447;15000;TMB_STAPLE
58559451;15000;TMB_STAPLE
58559455;15000;TMB_STAPLE
58559462;15000;TMB_STAPLE
58561016;15000;TMB_STAPLE
58561094;490000;TMB_BONGKAR
58561098;500000;TMB_BONGKAR
58561185;500000;TMB_BONGKAR
58561208;15000;TMB_STAPLE
58561210;15000;TMB_STAPLE
58561278;91000;TMB_BONGKAR
58561285;268000;TMB_BONGKAR
58562471;500000;TMB_BONGKAR
58562471;200000;TMB_KOMISI SUPIR
58562471;100000;TMB_TOLL
58562471;550000;TMB_KOMISI SUPIR
58562471;100000;TMB_KOMISI SUPIR
58568934;312000;TMB_BONGKAR
58568934;100000;TMB_TOLL
58568934;115000;TMB_KOMISI SUPIR
58568935;304500;TMB_BONGKAR
58568967;301500;TMB_BONGKAR
58568967;100000;TMB_TOLL
58568967;180000;TMB_KOMISI SUPIR
58568969;1248000;TMB_BONGKAR
58568969;207000;TMB_TOLL
58569661;140000;TMB_BIAYA INAP (OVERNIGHT CHARGE)
58569661;200000;TMB_BONGKAR
58569851;365000;TMB_BONGKAR
58569858;96000;TMB_BONGKAR
58569859;59500;TMB_BONGKAR
58569860;171600;TMB_BONGKAR
58569860;70000;TMB_BIAYA INAP (OVERNIGHT CHARGE)
58569867;50500;TMB_BONGKAR
58569867;70000;TMB_BIAYA INAP (OVERNIGHT CHARGE)
58569868;95500;TMB_BONGKAR
58569869;14000;TMB_BONGKAR
58569911;100000;TMB_BONGKAR
58569911;15000;TMB_STAPLE
58569912;100000;TMB_BONGKAR
58569912;15000;TMB_STAPLE
58569914;15000;TMB_STAPLE
58569996;450000;UNBILLED BONGKAR
58569997;140000;TMB_BIAYA INAP (OVERNIGHT CHARGE)
58569997;200000;TMB_BONGKAR
58571164;330000;TMB_BONGKAR
58571164;150000;TMB_KOMISI SUPIR
58571164;100000;TMB_BIAYA INAP (OVERNIGHT CHARGE)
58571164;88500;TMB_TOLL
58571164;300000;TMB_KOMISI SUPIR
58571177;200000;TMB_MULTIDROP
58571177;100000;TMB_BIAYA INAP (OVERNIGHT CHARGE)
58571177;219800;UNBILLED BONGKAR
58571177;162000;UNBILLED BONGKAR
58571177;37000;TMB_KOMISI SUPIR
58571178;306000;TMB_BONGKAR
58571178;88500;TMB_TOLL
58571180;303900;TMB_BONGKAR
58571180;88500;TMB_TOLL
58571180;50000;TMB_KOMISI SUPIR
58571180;477000;TMB_KOMISI SUPIR
58572946;600000;TMB_BONGKAR
58572951;640000;TMB_BONGKAR
58572960;171200;TMB_BONGKAR
58572973;200000;TMB_BONGKAR
58572979;64000;TMB_TOLL
58572979;100000;TMB_RAPIDTEST
58572979;100000;TMB_BIAYA INAP (OVERNIGHT CHARGE)
58573224;650000;TMB_BONGKAR
58573224;100000;TMB_RAPIDTEST
58573224;100000;TMB_KOMISI SUPIR
58573224;99000;TMB_TOLL
58573224;300000;TMB_KOMISI SUPIR
58573288;15000;TMB_STAPLE
58573289;312000;TMB_BONGKAR
58573289;289000;TMB_KOMISI SUPIR
58573289;100000;TMB_KOMISI SUPIR
58573289;100000;TMB_KOMISI SUPIR
58573290;20000;TMB_BONGKAR
58573290;15000;TMB_STAPLE
58573300;15000;TMB_STAPLE
58573303;15000;TMB_STAPLE
58573310;15000;TMB_STAPLE
58573323;15000;TMB_STAPLE
58573341;15000;TMB_STAPLE
58573349;15000;TMB_STAPLE
58573504;471000;TMB_BONGKAR
58573504;100000;TMB_TOLL
58573504;100000;TMB_KOMISI SUPIR
58573767;300000;TMB_KOMISI SUPIR
58573767;312000;TMB_BONGKAR
58573767;100000;TMB_BIAYA INAP (OVERNIGHT CHARGE)
58573767;;TMB_KOMISI SUPIR
58574111;15000;TMB_STAPLE
58578677;500000;TMB_BONGKAR
58578680;280000;TMB_MUAT
58578680;150000;TMB_KOMISI SUPIR
58578680;100000;TMB_KOMISI SUPIR
58578680;210000;TMB_BONGKAR
58578681;100000;TMB_BIAYA INAP (OVERNIGHT CHARGE)
58578681;1248000;TMB_BONGKAR
58578681;449000;TMB_TOLL
58578682;312000;TMB_BONGKAR
58578682;100000;TMB_BIAYA INAP (OVERNIGHT CHARGE)
58578694;186000;TMB_BONGKAR
58578694;200000;TMB_BIAYA INAP (OVERNIGHT CHARGE)
58578694;279000;TMB_KOMISI SUPIR
58578695;76500;TMB_TOLL
58578695;;TMB_KOMISI SUPIR
58578696;312000;TMB_BONGKAR
58578703;312000;TMB_BONGKAR
58578828;500000;TMB_BONGKAR
58578829;500000;TMB_BONGKAR
58578830;512000;TMB_BONGKAR
58578830;500000;TMB_BONGKAR
58578831;46900;TMB_BONGKAR
58578850;150000;TMB_KOMISI SUPIR
58578850;100000;TMB_TOLL
58578870;207000;TMB_TOLL
58578873;207000;TMB_TOLL
58578877;312000;TMB_BONGKAR
58579754;200000;TMB_BIAYA INAP (OVERNIGHT CHARGE)
58579754;100000;TMB_BONGKAR
58581306;271500;UNBILLED TOLL
58581306;100000;TMB_MULTIDROP
58581306;158200;UNBILLED BONGKAR
58581306;156800;UNBILLED BONGKAR
58581306;100000;TMB_BIAYA INAP (OVERNIGHT CHARGE)
58582354;250000;TMB_KOMISI SUPIR
58582445;600000;TMB_BONGKAR
58582445;28000;TMB_PARKIR
58582466;200000;TMB_KOMISI SUPIR
58582534;15000;TMB_STAPLE
58582544;15000;TMB_STAPLE
58582549;15000;TMB_STAPLE
58582551;15000;TMB_STAPLE
58583141;138000;TMB_BONGKAR
58583146;24000;TMB_BONGKAR
58583146;25000;TMB_MULTIDROP
58583148;69000;TMB_BONGKAR
58583151;61500;TMB_BONGKAR
58583151;70000;TMB_BIAYA INAP (OVERNIGHT CHARGE)
58583153;27600;TMB_BONGKAR
58583155;78500;TMB_BONGKAR
58583394;387500;TMB_BONGKAR
58583394;100000;TMB_KOMISI SUPIR
58583394;167500;TMB_KOMISI SUPIR
58583419;100000;TMB_TOLL
58583419;150000;TMB_BONGKAR
58583611;150000;TMB_BONGKAR
58583611;100000;TMB_TOLL
58583783;490000;TMB_BONGKAR
58583793;392000;TMB_BONGKAR
58583795;500000;TMB_BONGKAR
58583807;57600;TMB_BONGKAR
58583813;556800;TMB_BONGKAR
58584302;15000;TMB_STAPLE
58584303;15000;TMB_STAPLE
58584308;15000;TMB_STAPLE
58584327;15000;TMB_STAPLE
58584327;15000;TMB_BONGKAR
58584343;15000;TMB_STAPLE
58584775;650000;TMB_BONGKAR
58584775;100000;TMB_RAPIDTEST
58584775;100000;TMB_KOMISI SUPIR
58584775;100000;TMB_TOLL
58584791;650000;TMB_BONGKAR
58584791;100000;TMB_RAPIDTEST
58584791;100000;TMB_KOMISI SUPIR
58584795;650000;TMB_BONGKAR
58584795;100000;TMB_RAPIDTEST
58584795;100000;TMB_KOMISI SUPIR
58584795;100000;TMB_TOLL
58584800;100000;TMB_KOMISI SUPIR
58584800;387950;TMB_BONGKAR
58584800;167520;TMB_KOMISI SUPIR
58584817;375000;TMB_BONGKAR
58584817;100000;TMB_BIAYA INAP (OVERNIGHT CHARGE)
58586003;450000;TMB_BONGKAR
58586544;15000;TMB_STAPLE
58586561;15000;TMB_STAPLE
58586645;100000;TMB_BONGKAR
58586645;15000;TMB_STAPLE
58586649;300000;TMB_KOMISI SUPIR
58586649;236600;TMB_BONGKAR
58586649;100000;TMB_BIAYA INAP (OVERNIGHT CHARGE)
58586681;15000;TMB_STAPLE
58589470;199200;TMB_BONGKAR
58589470;81000;TMB_TOLL
58590780;300000;TMB_BONGKAR
58590780;100000;TMB_TOLL
58590816;200000;TMB_BONGKAR
58590816;210000;TMB_BIAYA INAP (OVERNIGHT CHARGE)
58590817;200000;TMB_BONGKAR
58590817;210000;TMB_BIAYA INAP (OVERNIGHT CHARGE)
58592695;42500;TMB_BONGKAR
58592696;25000;TMB_MULTIDROP
58592726;39200;TMB_BONGKAR
58592746;63000;TMB_BONGKAR
58592755;97200;TMB_BONGKAR
58592773;210500;TMB_BONGKAR
58592773;70000;TMB_BIAYA INAP (OVERNIGHT CHARGE)
58592775;29500;TMB_BONGKAR
58592909;201000;TMB_BONGKAR
58592909;200000;TMB_BIAYA INAP (OVERNIGHT CHARGE)
58592909;50000;TMB_KOMISI SUPIR
58593040;600000;TMB_BONGKAR
58593045;500000;TMB_BONGKAR
58593057;512000;TMB_BONGKAR
58593063;100000;TMB_BONGKAR
58593876;650000;TMB_BONGKAR
58593876;100000;TMB_KOMISI SUPIR
58593876;100000;TMB_RAPIDTEST
58593876;99000;TMB_TOLL
58593876;105000;TMB_KOMISI SUPIR
58593884;490000;TMB_BONGKAR
58593884;100000;TMB_MULTIDROP
58593884;100000;TMB_TOLL
58593884;65000;TMB_KOMISI SUPIR
58594076;50000;TMB_KOMISI SUPIR
58594174;15000;TMB_STAPLE
58594189;78750;TMB_BONGKAR
58594315;15000;TMB_STAPLE
58594315;15000;TMB_BONGKAR
58594363;15000;TMB_STAPLE
58594370;15000;TMB_STAPLE
58595798;780000;TMB_BONGKAR
58595798;50000;TMB_KOMISI SUPIR
58595802;400000;TMB_BONGKAR
58595802;255000;TMB_TOLL
58595890;310550;TMB_BONGKAR
58595890;100000;TMB_BIAYA INAP (OVERNIGHT CHARGE)
58595923;650000;TMB_BONGKAR
58595923;209000;TMB_TOLL
58595923;100000;TMB_RAPIDTEST
58595923;100000;TMB_KOMISI SUPIR
58596792;15000;TMB_STAPLE
58596817;15000;TMB_STAPLE
58596824;15000;TMB_STAPLE
58596839;15000;TMB_STAPLE
58596845;15000;TMB_STAPLE
58596848;15000;TMB_STAPLE
58596853;15000;TMB_STAPLE
58596853;150000;TMB_KOMISI SUPIR
58596880;15000;TMB_STAPLE
58596885;15000;TMB_STAPLE
58596887;15000;TMB_STAPLE
58606258;140000;TMB_BIAYA INAP (OVERNIGHT CHARGE)
58606309;650000;TMB_BONGKAR
58606309;100000;TMB_KOMISI SUPIR
58606309;100000;TMB_RAPIDTEST
58606325;600000;TMB_BONGKAR
58606325;100000;TMB_KOMISI SUPIR
58606325;200000;TMB_KOMISI SUPIR
58606325;200000;TMB_BIAYA INAP (OVERNIGHT CHARGE)
58606331;278150;TMB_BONGKAR
58606331;100000;TMB_KOMISI SUPIR
58606331;150000;TMB_KOMISI SUPIR
58606344;325000;TMB_BONGKAR
58606420;512000;TMB_BONGKAR
58606421;500000;TMB_BONGKAR
58606422;500000;TMB_BONGKAR
58608543;200000;TMB_MULTIDROP
58608543;150000;TMB_KOMISI SUPIR
58608543;167300;UNBILLED BONGKAR
58608543;100000;TMB_BIAYA INAP (OVERNIGHT CHARGE)
58608725;57500;UNBILLED BONGKAR
58608725;100000;TMB_MULTIDROP
58608725;100000;TMB_BIAYA INAP (OVERNIGHT CHARGE)
58608725;100000;TMB_BIAYA INAP (OVERNIGHT CHARGE)
58608725;41600;UNBILLED BONGKAR
58608791;341600;UNBILLED BONGKAR
58608791;100000;TMB_BIAYA INAP (OVERNIGHT CHARGE)
58608791;91000;UNBILLED BONGKAR
58608791;100000;TMB_MULTIDROP
58608793;30000;TMB_BONGKAR
58608793;15000;TMB_STAPLE
58608795;15000;TMB_STAPLE
58608796;15000;TMB_STAPLE
58608886;59500;TMB_BONGKAR
58608886;50000;TMB_MULTIDROP
58608891;121500;TMB_BONGKAR
58608898;29500;TMB_BONGKAR
58608898;70000;TMB_BIAYA INAP (OVERNIGHT CHARGE)
58608906;147500;TMB_BONGKAR
58608911;194500;TMB_BONGKAR
58608911;70000;TMB_BIAYA INAP (OVERNIGHT CHARGE)
58608915;57200;TMB_BONGKAR
58608919;144800;TMB_BONGKAR
58608924;27500;TMB_BONGKAR
58609024;20000;TMB_BONGKAR
58609024;15000;TMB_STAPLE
58609520;15000;TMB_STAPLE
58609520;20000;TMB_BONGKAR
58609686;15000;TMB_STAPLE
58610566;15000;TMB_STAPLE
58610568;15000;TMB_STAPLE
58610571;75000;TMB_BONGKAR
58610581;75000;TMB_BONGKAR
58610600;100000;TMB_RAPIDTEST
58610600;94000;TMB_TOLL
58610600;200000;TMB_BIAYA INAP (OVERNIGHT CHARGE)
58610600;100000;TMB_BIAYA INAP (OVERNIGHT CHARGE)
58610740;100000;TMB_RAPIDTEST
58610788;218400;TMB_BONGKAR
58610846;34000;TMB_BONGKAR
58610848;650000;TMB_BONGKAR
58610848;100000;TMB_KOMISI SUPIR
58610848;100000;TMB_RAPIDTEST
58610848;99000;TMB_TOLL
58610881;70000;TMB_KOMISI SUPIR
58610881;;TMB_BIAYA INAP (OVERNIGHT CHARGE)
58610881;100000;TMB_BIAYA INAP (OVERNIGHT CHARGE)
58611332;15000;TMB_STAPLE
58611332;30000;TMB_KOMISI SUPIR
58611336;15000;TMB_STAPLE
58611337;15000;TMB_STAPLE
58616511;780000;TMB_BONGKAR
58616511;100000;TMB_BIAYA INAP (OVERNIGHT CHARGE)
58616511;81000;TMB_KOMISI SUPIR
58616511;200000;TMB_BIAYA INAP (OVERNIGHT CHARGE)
58616511;100000;TMB_KOMISI SUPIR
58617526;200000;TMB_BONGKAR
58617626;70400;TMB_BONGKAR
58617659;87500;TMB_BONGKAR
58617729;104000;TMB_BONGKAR
58617729;25000;TMB_MULTIDROP
58617753;96600;TMB_BONGKAR
58617753;70000;TMB_BIAYA INAP (OVERNIGHT CHARGE)
58617761;86500;TMB_BONGKAR
58617761;70000;TMB_BIAYA INAP (OVERNIGHT CHARGE)
58617765;418500;TMB_BONGKAR
58617766;26000;TMB_BONGKAR
58617769;18000;TMB_BONGKAR
58617788;39600;TMB_BONGKAR
58618000;300000;TMB_BONGKAR
58618009;600000;TMB_BONGKAR
58618031;600000;TMB_BONGKAR
58618031;88500;TMB_TOLL
58618031;200000;TMB_KOMISI SUPIR
58618258;98000;TMB_BONGKAR
58618259;500000;TMB_BONGKAR
58618272;392000;UNBILLED BONGKAR
58618300;600000;TMB_BONGKAR
58618456;100000;TMB_MULTIDROP
58618744;15000;TMB_STAPLE
58618751;15000;TMB_STAPLE
58618758;15000;TMB_STAPLE
58618758;320000;TMB_KOMISI SUPIR
58618771;15000;TMB_STAPLE
58618771;100000;TMB_KOMISI SUPIR
58618776;15000;TMB_STAPLE
58618776;200000;TMB_BONGKAR
58618807;15000;TMB_STAPLE
58618815;15000;TMB_STAPLE
58618868;650000;TMB_BONGKAR
58618868;100000;TMB_RAPIDTEST
58618868;100000;TMB_BIAYA INAP (OVERNIGHT CHARGE)
58619222;500000;TMB_BONGKAR
58619362;186000;TMB_BONGKAR
58619632;15000;TMB_STAPLE
58619651;15000;TMB_STAPLE
58619679;500000;TMB_BONGKAR
58620544;15000;TMB_STAPLE
58620549;15000;TMB_STAPLE
58630119;200000;TMB_BONGKAR
58630119;210000;TMB_BIAYA INAP (OVERNIGHT CHARGE)
58630665;100000;TMB_BIAYA INAP (OVERNIGHT CHARGE)
58630665;126500;TMB_TOLL
58631904;160500;TMB_BONGKAR
58631950;45000;TMB_BONGKAR
58631961;17400;TMB_BONGKAR
58631961;70000;TMB_BIAYA INAP (OVERNIGHT CHARGE)
58631972;16500;TMB_BONGKAR
58631972;70000;TMB_BIAYA INAP (OVERNIGHT CHARGE)
58631980;36500;TMB_BONGKAR
58632087;56000;TMB_BONGKAR
58632299;303600;TMB_BONGKAR
58632359;142500;TMB_TOLL
58632359;50000;TMB_KOMISI SUPIR
58632359;339200;TMB_BONGKAR
58632359;69800;TMB_KOMISI SUPIR
58632366;416300;TMB_BONGKAR
58632366;75000;TMB_KOMISI SUPIR
58632419;780000;TMB_BONGKAR
58632441;780000;TMB_BONGKAR
58633027;500000;TMB_BONGKAR
58633028;500000;TMB_BONGKAR
58633029;500000;TMB_BONGKAR
58633031;32000;TMB_BONGKAR
58633051;25550;TMB_BONGKAR
58633758;410225;TMB_BONGKAR
58633758;50000;TMB_KOMISI SUPIR
58633758;140000;TMB_KOMISI SUPIR
58633838;100000;TMB_MULTIDROP
58633838;110600;UNBILLED BONGKAR
58633838;168000;UNBILLED BONGKAR
58635656;325000;TMB_BONGKAR
58635656;100000;TMB_BIAYA INAP (OVERNIGHT CHARGE)
58635656;50000;TMB_KOMISI SUPIR
58636254;150000;TMB_KOMISI SUPIR
58636254;100000;TMB_BONGKAR
58636254;100000;TMB_BIAYA INAP (OVERNIGHT CHARGE)
58636254;100000;TMB_TOLL
58636254;100000;TMB_KOMISI SUPIR
58640212;100000;TMB_BONGKAR
58640215;100000;TMB_TOLL
58640215;519000;TMB_BONGKAR
58640215;45000;TMB_KOMISI SUPIR
58640237;468300;TMB_BONGKAR
58640237;100000;TMB_KOMISI SUPIR
58640237;100000;TMB_TOLL
58640367;200000;TMB_BIAYA INAP (OVERNIGHT CHARGE)
58640367;100000;TMB_TOLL
58640367;328800;TMB_BONGKAR
58640367;82200;TMB_KOMISI SUPIR
58640369;535000;TMB_BONGKAR
58640369;100000;TMB_TOLL
58640373;500000;TMB_BONGKAR
58640373;200000;TMB_BIAYA INAP (OVERNIGHT CHARGE)
58640386;;TMB_BONGKAR
58640386;100000;TMB_BIAYA INAP (OVERNIGHT CHARGE)
58640386;468600;TMB_BONGKAR
58640388;207000;TMB_TOLL
58640443;600000;TMB_BONGKAR
58640443;100000;TMB_BIAYA INAP (OVERNIGHT CHARGE)
58640595;392000;TMB_BONGKAR
58640596;640000;TMB_BONGKAR
58640597;600000;TMB_BONGKAR
58640598;88000;TMB_BONGKAR
58640615;111650;TMB_BONGKAR
58640626;265750;TMB_BONGKAR
58640626;100000;TMB_MULTIDROP
58640626;200000;TMB_BIAYA INAP (OVERNIGHT CHARGE)
58640626;100000;TMB_KOMISI SUPIR
58640681;100000;UNBILLED BONGKAR
58640707;150000;TMB_KOMISI SUPIR
58640707;150000;TMB_TOLL
58640712;100000;TMB_BIAYA INAP (OVERNIGHT CHARGE)
58640712;100000;TMB_MULTIDROP
58640712;177000;UNBILLED BONGKAR
58640712;126000;UNBILLED BONGKAR
58640714;100000;TMB_BIAYA INAP (OVERNIGHT CHARGE)
58640714;150000;TMB_TOLL
58640714;738800;UNBILLED BONGKAR
58640714;200000;TMB_MULTIDROP
58640714;768000;UNBILLED BONGKAR
58640727;100000;TMB_BIAYA INAP (OVERNIGHT CHARGE)
58640727;150000;TMB_TOLL
58640727;100000;TMB_BIAYA INAP (OVERNIGHT CHARGE)
58640727;1436000;UNBILLED BONGKAR
58640749;100000;TMB_BONGKAR
58640749;150000;TMB_KOMISI SUPIR
58640749;88500;TMB_TOLL
58640749;100000;TMB_BIAYA INAP (OVERNIGHT CHARGE)
58640749;100000;TMB_BIAYA INAP (OVERNIGHT CHARGE)
58640750;100000;TMB_BONGKAR
58640750;150000;TMB_KOMISI SUPIR
58640750;100000;TMB_TOLL
58640750;200000;TMB_BIAYA INAP (OVERNIGHT CHARGE)
58640751;100000;TMB_BONGKAR
58640751;150000;TMB_KOMISI SUPIR
58640751;100000;TMB_TOLL
58640751;100000;TMB_BONGKAR
58640751;150000;TMB_KOMISI SUPIR
58640752;100000;TMB_BONGKAR
58640752;150000;TMB_KOMISI SUPIR
58640752;100000;TMB_TOLL
58640752;200000;TMB_BIAYA INAP (OVERNIGHT CHARGE)
58640752;30000;TMB_PARKIR
58643047;140000;TMB_BIAYA INAP (OVERNIGHT CHARGE)
58643047;200000;TMB_BONGKAR
58643048;210000;TMB_BIAYA INAP (OVERNIGHT CHARGE)
58643049;140000;TMB_BIAYA INAP (OVERNIGHT CHARGE)
58643049;200000;TMB_BONGKAR
58644079;70000;TMB_KOMISI SUPIR
58644079;100000;TMB_TOLL
58644079;100000;TMB_BIAYA INAP (OVERNIGHT CHARGE)
58644168;26500;TMB_BONGKAR
58644168;25000;TMB_MULTIDROP
58644183;25000;TMB_MULTIDROP
58644186;90500;TMB_BONGKAR
58644205;64400;TMB_BONGKAR
58644212;99500;TMB_BONGKAR
58644215;132000;TMB_BONGKAR
58644217;23000;TMB_BONGKAR
58644218;10000;TMB_BONGKAR
58644219;84000;TMB_BONGKAR
58645947;500000;TMB_BONGKAR
58645948;520000;TMB_BONGKAR
58645953;500000;TMB_BONGKAR
58646849;313225;TMB_BONGKAR
58646852;575000;TMB_BONGKAR
58646852;100000;TMB_TOLL
58648056;100000;TMB_BIAYA INAP (OVERNIGHT CHARGE)
58648056;180000;UNBILLED BONGKAR
58652935;15000;TMB_STAPLE
58652974;15000;TMB_STAPLE
58652975;15000;TMB_STAPLE
58652980;15000;TMB_STAPLE
58652987;15000;TMB_STAPLE
58653001;15000;TMB_STAPLE
58653003;15000;TMB_STAPLE
58653008;15000;TMB_STAPLE
58653014;15000;TMB_STAPLE
58653014;200000;TMB_KOMISI SUPIR
58653016;15000;TMB_STAPLE
58653021;15000;TMB_STAPLE
58653024;15000;TMB_STAPLE
58653024;10000;TMB_BONGKAR
58653026;15000;TMB_STAPLE
58653053;15000;TMB_STAPLE
58653056;15000;TMB_STAPLE
58653069;15000;TMB_STAPLE
58654230;625000;TMB_BONGKAR
58654230;142500;TMB_TOLL
58654243;140000;TMB_BIAYA INAP (OVERNIGHT CHARGE)
58654243;200000;TMB_BONGKAR
58654251;50000;TMB_KOMISI SUPIR
58655418;100000;TMB_MULTIDROP
58655418;155000;TMB_TOLL
58655418;200000;TMB_KOMISI SUPIR
58655418;494500;TMB_BONGKAR
58655418;55500;TMB_KOMISI SUPIR
58655442;421475;TMB_BONGKAR
58655442;100000;TMB_BIAYA INAP (OVERNIGHT CHARGE)
58655442;100000;TMB_BIAYA INAP (OVERNIGHT CHARGE)
58655455;287000;TMB_BONGKAR
58655455;100000;TMB_BIAYA INAP (OVERNIGHT CHARGE)
58655614;512000;TMB_BONGKAR
58655616;512000;TMB_BONGKAR
58655619;520000;TMB_BONGKAR
58655622;217600;TMB_BONGKAR
58655622;52400;TMB_BONGKAR
58655624;270400;TMB_BONGKAR
58655654;100000;TMB_BIAYA INAP (OVERNIGHT CHARGE)
58655654;300000;TMB_MULTIDROP
58655654;150000;UNBILLED BONGKAR
58655654;50000;UNBILLED BONGKAR
58655654;100000;UNBILLED BONGKAR
58655654;100000;TMB_BIAYA INAP (OVERNIGHT CHARGE)
58655654;100000;TMB_BIAYA INAP (OVERNIGHT CHARGE)
58655656;100000;TMB_BIAYA INAP (OVERNIGHT CHARGE)
58655656;100000;TMB_BIAYA INAP (OVERNIGHT CHARGE)
58655656;200000;TMB_KOMISI SUPIR
58655656;100000;TMB_MULTIDROP
58655656;100000;TMB_BIAYA INAP (OVERNIGHT CHARGE)
58655656;200000;TMB_KOMISI SUPIR
58655656;150000;TMB_TOLL
58655656;100000;TMB_BIAYA INAP (OVERNIGHT CHARGE)
58655656;100000;TMB_MULTIDROP
58655656;100000;TMB_BIAYA INAP (OVERNIGHT CHARGE)
58655660;150000;TMB_KOMISI SUPIR
58655674;100000;TMB_BIAYA INAP (OVERNIGHT CHARGE)
58655674;150000;TMB_KOMISI SUPIR
58655674;100000;TMB_BONGKAR
58655674;100000;TMB_TOLL
58655678;100000;TMB_BONGKAR
58655678;150000;TMB_KOMISI SUPIR
58655681;100000;TMB_RAPIDTEST
58655681;94000;TMB_TOLL
58655905;15000;TMB_STAPLE
58655956;15000;TMB_STAPLE
58655956;43000;TMB_KOMISI SUPIR
58655962;15000;TMB_STAPLE
58655966;15000;TMB_STAPLE
58655996;15000;TMB_STAPLE
58655996;200000;TMB_KOMISI SUPIR
58655999;15000;TMB_STAPLE
58656004;15000;TMB_STAPLE
58656065;15000;TMB_STAPLE
58656105;15000;TMB_STAPLE
58656105;20000;TMB_BONGKAR
58657399;15000;TMB_STAPLE
58658431;120000;TMB_BONGKAR
58658431;25000;TMB_MULTIDROP
58658434;563500;TMB_BONGKAR
58658434;4000;TMB_BONGKAR
58658435;83500;TMB_BONGKAR
58658435;;TMB_BONGKAR
58658436;130400;TMB_BONGKAR
58658436;1600;TMB_BONGKAR
58658439;119500;TMB_BONGKAR
58658443;122400;TMB_BONGKAR
58658461;92000;TMB_BONGKAR
58658470;76000;TMB_BONGKAR
58658774;15000;TMB_STAPLE
58658790;35000;TMB_BONGKAR
58658790;15000;TMB_STAPLE
58658798;15000;TMB_STAPLE
58658809;15000;TMB_STAPLE
58659198;200000;TMB_BONGKAR
58659198;15000;TMB_STAPLE
58664799;100000;TMB_BONGKAR
58664799;150000;TMB_KOMISI SUPIR
58664799;100000;TMB_BIAYA INAP (OVERNIGHT CHARGE)
58664799;200000;TMB_BIAYA INAP (OVERNIGHT CHARGE)
58664799;100000;TMB_BIAYA INAP (OVERNIGHT CHARGE)
58664803;100000;TMB_BONGKAR
58664803;150000;TMB_KOMISI SUPIR
58664803;100000;TMB_TOLL
58664803;100000;TMB_BIAYA INAP (OVERNIGHT CHARGE)
58670247;624000;TMB_BONGKAR
58670247;90000;TMB_KOMISI SUPIR
58670254;624000;TMB_BONGKAR
58670254;100000;TMB_BIAYA INAP (OVERNIGHT CHARGE)
58670305;420000;TMB_BONGKAR
58670367;330000;TMB_BONGKAR
58670367;54000;TMB_TOLL
58670367;88500;TMB_TOLL
58670367;50000;TMB_KOMISI SUPIR
58670370;512500;TMB_BONGKAR
58670384;125000;TMB_BONGKAR
58670384;296400;TMB_BONGKAR
58670384;100000;TMB_MULTIDROP
58670384;142500;TMB_TOLL
58670384;100000;TMB_BIAYA INAP (OVERNIGHT CHARGE)
58670384;100000;TMB_BIAYA INAP (OVERNIGHT CHARGE)
58671449;399500;TMB_BONGKAR
58671449;100000;TMB_TOLL
58673077;1092000;TMB_BONGKAR
58673527;294000;TMB_BONGKAR
58673529;116000;TMB_BONGKAR
58673535;104000;TMB_BONGKAR
58673544;600000;TMB_BONGKAR
58673554;862500;TMB_BONGKAR
58673555;392000;TMB_BONGKAR
58673588;54000;TMB_BONGKAR
58673624;46500;TMB_BONGKAR
58673625;228600;TMB_BONGKAR
58673627;70000;TMB_BIAYA INAP (OVERNIGHT CHARGE)
58673883;520000;TMB_BONGKAR
58674360;780000;TMB_BONGKAR
58674403;15000;TMB_STAPLE
58674403;16000;TMB_BONGKAR
58674437;15000;TMB_STAPLE
58674488;15000;TMB_STAPLE
58674492;15000;TMB_STAPLE
58674492;200000;TMB_KOMISI SUPIR
58674492;540000;TMB_BONGKAR
58674500;15000;TMB_STAPLE
58674525;15000;TMB_STAPLE
58674532;15000;TMB_STAPLE
58674540;15000;TMB_STAPLE
58675462;15000;TMB_STAPLE
58675476;15000;TMB_STAPLE
58675486;15000;TMB_STAPLE
58675495;15000;TMB_STAPLE
58675541;100000;TMB_MULTIDROP
58675541;100000;TMB_BIAYA INAP (OVERNIGHT CHARGE)
58675541;100000;TMB_MULTIDROP
58675541;251000;UNBILLED BONGKAR
58675541;200000;TMB_MULTIDROP
58675541;100000;TMB_BIAYA INAP (OVERNIGHT CHARGE)
58675541;251000;UNBILLED BONGKAR
58675569;200000;TMB_BIAYA INAP (OVERNIGHT CHARGE)
58675569;370000;UNBILLED BONGKAR
58675569;658000;UNBILLED BONGKAR
58675569;200000;TMB_BIAYA INAP (OVERNIGHT CHARGE)
58675632;546000;TMB_BONGKAR
58675698;170000;TMB_BONGKAR
58675698;250000;TMB_KOMISI SUPIR
58675698;100000;TMB_BIAYA INAP (OVERNIGHT CHARGE)
58677107;100000;TMB_BONGKAR
58677107;150000;TMB_KOMISI SUPIR
58677107;100000;TMB_TOLL
58677107;100000;TMB_BIAYA INAP (OVERNIGHT CHARGE)
58677107;100000;TMB_BIAYA INAP (OVERNIGHT CHARGE)
58677107;100000;TMB_BIAYA INAP (OVERNIGHT CHARGE)
58682392;15000;TMB_STAPLE
58682393;15000;TMB_STAPLE
58682394;15000;TMB_STAPLE
58682406;200000;TMB_BONGKAR
58682409;200000;TMB_BONGKAR
58682450;600000;TMB_BONGKAR
58682450;100000;TMB_BIAYA INAP (OVERNIGHT CHARGE)
58682451;780000;TMB_BONGKAR
58683703;1092000;TMB_BONGKAR
58683703;100000;TMB_TOLL
58683738;150000;TMB_TOLL
58683738;170000;TMB_BONGKAR
58683968;15000;TMB_STAPLE
58683980;20000;TMB_BONGKAR
58683980;15000;TMB_STAPLE
58683984;15000;TMB_STAPLE
58683989;15000;TMB_STAPLE
58684205;167500;TMB_BONGKAR
58684205;17500;TMB_KOMISI SUPIR
58684553;15000;TMB_STAPLE
58684562;250800;TMB_BONGKAR
58684564;614400;TMB_BONGKAR
58684574;520000;TMB_BONGKAR
58684583;600000;TMB_BONGKAR
58684614;122500;TMB_BONGKAR
58684633;100000;TMB_BONGKAR
58684633;150000;TMB_KOMISI SUPIR
58684633;100000;TMB_TOLL
58684642;100000;TMB_BONGKAR
58684642;150000;TMB_KOMISI SUPIR
58685969;15000;TMB_STAPLE
58685972;15000;TMB_STAPLE
58685975;15000;TMB_STAPLE
58685976;15000;TMB_STAPLE
58685978;15000;TMB_STAPLE
58686428;;TMB_BONGKAR
58686428;512000;UNBILLED BONGKAR
58686584;600000;TMB_BONGKAR
58686584;;TMB_BONGKAR
58686584;;TMB_BONGKAR
58687374;252000;TMB_BONGKAR
58687418;262400;TMB_BONGKAR
58687420;96500;TMB_BONGKAR
58687438;355500;TMB_BONGKAR
58687444;25000;TMB_BONGKAR
58687517;505200;TMB_BONGKAR
58687552;170800;TMB_BONGKAR
58687799;243000;TMB_BONGKAR
58687816;119000;TMB_BONGKAR
58687817;56500;TMB_BONGKAR
58688317;15000;TMB_STAPLE
58688317;7500;TMB_MULTIDROP
58688329;7500;TMB_MULTIDROP
58688342;15000;TMB_STAPLE
58688344;35000;TMB_BONGKAR
58688344;15000;TMB_STAPLE
58688349;200000;TMB_BONGKAR
58688370;15000;TMB_STAPLE
58688386;15000;TMB_STAPLE
58691884;100000;TMB_RAPIDTEST
58691884;94000;TMB_TOLL
58691887;100000;TMB_BONGKAR
58691887;150000;TMB_KOMISI SUPIR
58691887;200000;TMB_KOMISI SUPIR
58691887;100000;TMB_BIAYA INAP (OVERNIGHT CHARGE)
58691893;100000;TMB_BONGKAR
58691893;150000;TMB_KOMISI SUPIR
58695008;200000;TMB_BONGKAR
58695010;150000;TMB_KOMISI SUPIR
58695016;624000;TMB_BONGKAR
58695016;100000;TMB_BIAYA INAP (OVERNIGHT CHARGE)
58695016;100000;TMB_KOMISI SUPIR
58695017;780000;TMB_BONGKAR
58695017;100000;TMB_BIAYA INAP (OVERNIGHT CHARGE)
58695027;312500;TMB_BONGKAR
58695027;100000;TMB_TOLL
58695027;70000;TMB_KOMISI SUPIR
58695566;15000;TMB_STAPLE
58695613;15000;TMB_STAPLE
58695614;15000;TMB_STAPLE
58695860;140000;TMB_BIAYA INAP (OVERNIGHT CHARGE)
58695860;200000;TMB_BONGKAR
58695996;150000;TMB_TOLL
58696085;15000;TMB_STAPLE
58696086;15000;TMB_STAPLE
58696086;40000;TMB_BONGKAR
58696089;15000;TMB_STAPLE
58696090;15000;TMB_STAPLE
58696279;400000;TMB_BONGKAR
58696279;200000;TMB_BIAYA INAP (OVERNIGHT CHARGE)
58696279;100000;TMB_TOLL
58696279;135000;TMB_KOMISI SUPIR
58697004;57000;TMB_BONGKAR
58697007;21000;TMB_BONGKAR
58697007;50000;TMB_MULTIDROP
58697032;15500;TMB_BONGKAR
58697032;15500;TMB_BONGKAR
58697032;25000;TMB_MULTIDROP
58697048;18000;TMB_BONGKAR
58697054;16200;TMB_BONGKAR
58697060;35000;TMB_BONGKAR
58697060;25000;TMB_MULTIDROP
58697078;31600;TMB_BONGKAR
58697080;34000;TMB_BONGKAR
58697086;65000;TMB_BONGKAR
58697087;153600;TMB_BONGKAR
58697090;86500;TMB_BONGKAR
58697091;104500;TMB_BONGKAR
58697091;90000;TMB_BONGKAR
58697111;780000;TMB_BONGKAR
58697111;100000;TMB_TOLL
58697111;130000;TMB_KOMISI SUPIR
58698222;15000;TMB_STAPLE
58698229;15000;TMB_STAPLE
58698229;100000;TMB_RAPIDTEST
58698233;15000;TMB_STAPLE
58698233;15000;TMB_STAPLE
58698262;392000;TMB_BONGKAR
58698264;490000;TMB_BONGKAR
58698306;149600;TMB_BONGKAR
58698312;30450;TMB_BONGKAR
58698335;100000;TMB_BONGKAR
58698335;150000;TMB_KOMISI SUPIR
58698335;100000;TMB_TOLL
58698337;100000;TMB_BONGKAR
58698337;150000;TMB_KOMISI SUPIR
58698337;100000;TMB_TOLL
58698337;100000;TMB_BIAYA INAP (OVERNIGHT CHARGE)
58698344;100000;TMB_BONGKAR
58698344;150000;TMB_KOMISI SUPIR
58698344;100000;TMB_TOLL
58698344;100000;TMB_BIAYA INAP (OVERNIGHT CHARGE)
58698344;40000;TMB_PARKIR
58698349;200000;TMB_MULTIDROP
58698349;54600;UNBILLED BONGKAR
58698349;42000;UNBILLED BONGKAR
58698349;100000;TMB_BIAYA INAP (OVERNIGHT CHARGE)
58698349;200000;TMB_MULTIDROP
58698350;100000;TMB_BIAYA INAP (OVERNIGHT CHARGE)
58698350;282500;UNBILLED BONGKAR
58698352;100000;TMB_BIAYA INAP (OVERNIGHT CHARGE)
58698352;150000;UNBILLED MUAT
58698352;100000;TMB_MULTIDROP
58698352;315500;UNBILLED BONGKAR
58698352;424500;UNBILLED BONGKAR
58698352;200000;UNBILLED BONGKAR
58698352;100000;TMB_MULTIDROP
58698688;520000;TMB_BONGKAR
58699319;15000;TMB_STAPLE
58699325;15000;TMB_STAPLE
58699327;15000;TMB_STAPLE
58699334;15000;TMB_STAPLE
58699337;15000;TMB_STAPLE
58699341;15000;TMB_STAPLE
58699346;200000;TMB_BONGKAR
58704740;900000;TMB_BONGKAR
58704740;100000;TMB_BIAYA INAP (OVERNIGHT CHARGE)
58704741;500000;TMB_BONGKAR
58704741;88500;TMB_TOLL
58704741;100000;TMB_KOMISI SUPIR
58704834;170000;TMB_KOMISI SUPIR
58704834;100000;TMB_BIAYA INAP (OVERNIGHT CHARGE)
58704834;150000;TMB_KOMISI SUPIR
58704845;500000;TMB_BONGKAR
58704846;640000;TMB_BONGKAR
58704847;520000;TMB_BONGKAR
58704847;80000;TMB_BONGKAR
58704851;49000;TMB_BONGKAR
58704852;154000;TMB_BONGKAR
58704858;100000;TMB_BONGKAR
58704858;150000;TMB_KOMISI SUPIR
58704858;100000;TMB_BONGKAR
58704858;163000;TMB_KOMISI SUPIR
58704859;100000;TMB_BONGKAR
58704859;150000;TMB_KOMISI SUPIR
58704859;100000;TMB_TOLL
58704859;100000;TMB_BIAYA INAP (OVERNIGHT CHARGE)
58704860;100000;TMB_BONGKAR
58704860;150000;TMB_KOMISI SUPIR
58704860;54000;TMB_TOLL
58704860;66000;TMB_TOLL
58704860;200000;TMB_BIAYA INAP (OVERNIGHT CHARGE)
58704939;100000;TMB_MULTIDROP
58707633;140000;TMB_BIAYA INAP (OVERNIGHT CHARGE)
58707633;200000;TMB_BONGKAR
58707633;140000;TMB_BIAYA INAP (OVERNIGHT CHARGE)
58707634;210000;TMB_BIAYA INAP (OVERNIGHT CHARGE)
58707634;200000;TMB_BONGKAR
58707702;1092000;TMB_BONGKAR
58707702;100000;TMB_BIAYA INAP (OVERNIGHT CHARGE)
58707702;100000;TMB_TOLL
58707702;100000;TMB_BIAYA INAP (OVERNIGHT CHARGE)
58707703;780000;TMB_BONGKAR
58707703;100000;TMB_BIAYA INAP (OVERNIGHT CHARGE)
58707703;100000;TMB_BIAYA INAP (OVERNIGHT CHARGE)
58708015;50000;TMB_KOMISI SUPIR
58708103;150000;TMB_KOMISI SUPIR
58708103;100000;TMB_BIAYA INAP (OVERNIGHT CHARGE)
58708103;250000;TMB_KOMISI SUPIR
58708146;768000;TMB_BONGKAR
58708147;343000;TMB_BONGKAR
58708148;520000;TMB_BONGKAR
58708171;200000;TMB_MULTIDROP
58708171;28000;UNBILLED BONGKAR
58708171;87500;UNBILLED BONGKAR
58708171;21000;UNBILLED BONGKAR
58708173;100000;TMB_BONGKAR
58708173;150000;TMB_KOMISI SUPIR
58708173;100000;TMB_BIAYA INAP (OVERNIGHT CHARGE)
58708173;100000;TMB_TOLL
58708173;100000;TMB_BIAYA INAP (OVERNIGHT CHARGE)
58708173;100000;TMB_BONGKAR
58708173;150000;TMB_KOMISI SUPIR
58708349;640000;TMB_BONGKAR
58708349;150000;TMB_KOMISI SUPIR
58708349;100000;TMB_TOLL
58708394;15000;TMB_STAPLE
58708395;65000;TMB_KOMISI SUPIR
58708395;15000;TMB_STAPLE
58708396;15000;TMB_STAPLE
58708397;15000;TMB_STAPLE
58708398;15000;TMB_STAPLE
58708413;132000;TMB_BONGKAR
58708425;64000;TMB_BONGKAR
58708426;150000;UNBILLED MUAT
58708426;894500;UNBILLED BONGKAR
58708426;;UNBILLED BONGKAR
58708426;;TMB_BONGKAR
58708544;37000;TMB_BONGKAR
58708544;25000;TMB_MULTIDROP
58708557;707000;TMB_BONGKAR
58708575;144000;TMB_BONGKAR
58708582;50500;TMB_BONGKAR
58708584;131400;TMB_BONGKAR
58708585;;TMB_BONGKAR
58708586;128400;TMB_BONGKAR
58708587;577500;TMB_BONGKAR
58708588;251500;TMB_BONGKAR
58708589;91000;TMB_BONGKAR
58709771;100000;TMB_KOMISI SUPIR
58709771;200000;TMB_KOMISI SUPIR
58709771;326800;TMB_BONGKAR
58709785;100000;TMB_KOMISI SUPIR
58709785;326800;TMB_BONGKAR
58710114;15000;TMB_STAPLE
58710217;15000;TMB_STAPLE
58710236;15000;TMB_STAPLE
58710236;50000;TMB_KOMISI SUPIR
58710534;15000;TMB_STAPLE
58710544;15000;TMB_STAPLE
58710989;15000;TMB_STAPLE
58711045;15000;TMB_STAPLE
58711671;150000;TMB_TOLL
58711671;420000;TMB_BONGKAR
58711671;200000;TMB_TOLL
58717597;140000;TMB_BIAYA INAP (OVERNIGHT CHARGE)
58717598;70000;TMB_BIAYA INAP (OVERNIGHT CHARGE)
58717598;175000;TMB_KOMISI SUPIR
58717599;140000;TMB_BIAYA INAP (OVERNIGHT CHARGE)
58717612;300000;TMB_TOLL
58717612;150000;TMB_KOMISI SUPIR
58717612;100000;TMB_BIAYA INAP (OVERNIGHT CHARGE)
58717612;70000;TMB_KOMISI SUPIR
58718280;100000;TMB_BONGKAR
58718280;150000;TMB_KOMISI SUPIR
58718280;100000;TMB_TOLL
58718280;50000;TMB_TOLL
58718281;100000;TMB_BONGKAR
58718281;150000;TMB_KOMISI SUPIR
58718281;100000;TMB_TOLL
58718281;200000;TMB_BIAYA INAP (OVERNIGHT CHARGE)
58718281;70000;TMB_PARKIR
58718283;100000;TMB_BONGKAR
58718283;150000;TMB_KOMISI SUPIR
58718283;200000;TMB_BIAYA INAP (OVERNIGHT CHARGE)
58718283;80000;TMB_PARKIR
58718283;100000;TMB_KOMISI SUPIR
58718289;280000;TMB_MUAT
58718289;150000;TMB_KOMISI SUPIR
58718289;270000;TMB_BONGKAR
58718289;100000;TMB_BIAYA INAP (OVERNIGHT CHARGE)
58719046;72400;TMB_BONGKAR
58719099;710500;TMB_BONGKAR
58719112;252500;TMB_BONGKAR
58719126;774000;TMB_BONGKAR
58719130;189000;TMB_BONGKAR
58719130;25000;TMB_MULTIDROP
58719164;474500;TMB_BONGKAR
58719167;161500;TMB_BONGKAR
58719310;15000;TMB_STAPLE
58719321;15000;TMB_STAPLE
58719324;15000;TMB_STAPLE
58719330;15000;TMB_STAPLE
58719331;15000;TMB_STAPLE
58719335;15000;TMB_STAPLE
58719878;1075000;TMB_BONGKAR
58719878;100000;TMB_TOLL
58719894;490000;TMB_BONGKAR
58719900;512000;TMB_BONGKAR
58719905;600000;TMB_BONGKAR
58719917;122800;TMB_BONGKAR
58719926;56000;TMB_BONGKAR
58720236;431100;TMB_BONGKAR
58720257;145000;TMB_KOMISI SUPIR
58720257;100000;TMB_RAPIDTEST
58720257;94000;TMB_TOLL
58720348;210000;TMB_BONGKAR
58720383;500000;TMB_BONGKAR
58720383;100000;TMB_TOLL
58720383;100000;TMB_BIAYA INAP (OVERNIGHT CHARGE)
58720383;200000;TMB_KOMISI SUPIR
58720383;100000;TMB_BIAYA INAP (OVERNIGHT CHARGE)
58721683;500000;TMB_BONGKAR
58721683;100000;TMB_TOLL
58721858;15000;TMB_STAPLE
58721871;15000;TMB_STAPLE
58721887;15000;TMB_STAPLE
58721917;15000;TMB_STAPLE
58721935;15000;TMB_STAPLE
58721989;15000;TMB_STAPLE
58721992;15000;TMB_STAPLE
58721992;20000;TMB_BONGKAR
58722288;15000;TMB_STAPLE
58722309;15000;TMB_STAPLE
58732255;150000;TMB_KOMISI SUPIR
58732255;100000;TMB_KOMISI SUPIR
58732303;395000;TMB_BONGKAR
58732306;194000;TMB_KOMISI SUPIR
58732308;100000;TMB_BONGKAR
58732308;150000;TMB_KOMISI SUPIR
58732308;100000;TMB_TOLL
58732308;100000;TMB_BIAYA INAP (OVERNIGHT CHARGE)
58732310;100000;TMB_BONGKAR
58732310;150000;TMB_KOMISI SUPIR
58732310;300000;TMB_BIAYA INAP (OVERNIGHT CHARGE)
58732313;100000;TMB_BONGKAR
58732313;150000;TMB_KOMISI SUPIR
58733153;170000;TMB_BONGKAR
58734451;340800;TMB_BONGKAR
58734451;70000;TMB_BIAYA INAP (OVERNIGHT CHARGE)
58734457;135000;TMB_BONGKAR
58734457;37500;TMB_BONGKAR
58734457;25000;TMB_MULTIDROP
58734457;70000;TMB_BIAYA INAP (OVERNIGHT CHARGE)
58734461;60500;TMB_BONGKAR
58734463;93000;TMB_BONGKAR
58734468;93500;TMB_BONGKAR
58734470;163000;TMB_BONGKAR
58734471;155000;TMB_BONGKAR
58734473;104500;TMB_BONGKAR
58734474;93600;TMB_BONGKAR
58734535;200000;TMB_BONGKAR
58734535;280000;TMB_BIAYA INAP (OVERNIGHT CHARGE)
58734557;200000;TMB_BONGKAR
58734557;280000;TMB_BIAYA INAP (OVERNIGHT CHARGE)
58734592;500000;TMB_BONGKAR
58734592;100000;TMB_TOLL
58734656;526000;TMB_BONGKAR
58734656;100000;TMB_TOLL
58734677;750000;TMB_BONGKAR
58734677;100000;TMB_TOLL
58734811;500000;TMB_BONGKAR
58734811;20000;TMB_KOMISI SUPIR
58735194;15000;TMB_STAPLE
58735202;15000;TMB_STAPLE
58735204;15000;TMB_STAPLE
58735222;200000;TMB_BONGKAR
58735222;15000;TMB_STAPLE
58735223;15000;TMB_STAPLE
58735224;15000;TMB_STAPLE
58735225;15000;TMB_STAPLE
58735241;15000;TMB_STAPLE
58735265;15000;TMB_STAPLE
58735970;780000;TMB_BONGKAR
58736299;15000;TMB_STAPLE
58736322;15000;TMB_STAPLE
58736328;15000;TMB_STAPLE
58736328;300000;TMB_KOMISI SUPIR
58737113;520000;TMB_BONGKAR
58737124;448000;TMB_BONGKAR
58737127;640000;TMB_BONGKAR
58737180;56000;TMB_BONGKAR
58737180;;TMB_BONGKAR
58737213;238000;TMB_BONGKAR
58737393;150000;UNBILLED MUAT
58737393;200000;TMB_MULTIDROP
58737393;196000;UNBILLED BONGKAR
58737393;247100;UNBILLED BONGKAR
58737398;150000;UNBILLED MUAT
58737398;100000;TMB_MULTIDROP
58737398;150000;TMB_TOLL
58740524;100000;TMB_RAPIDTEST
58740524;94000;TMB_TOLL
58743689;70000;TMB_BIAYA INAP (OVERNIGHT CHARGE)
58744738;150000;TMB_KOMISI SUPIR
58744742;150000;TMB_KOMISI SUPIR
58744742;100000;TMB_KOMISI SUPIR
58745347;200000;TMB_BIAYA INAP (OVERNIGHT CHARGE)
58745347;100000;TMB_BONGKAR
58745347;150000;TMB_KOMISI SUPIR
58745347;70000;TMB_KOMISI SUPIR
58745386;31000;TMB_BONGKAR
58745390;500000;TMB_BONGKAR
58745390;300000;TMB_BONGKAR
58745390;100000;TMB_BIAYA INAP (OVERNIGHT CHARGE)
58745401;60400;TMB_BONGKAR
58745423;66500;TMB_BONGKAR
58745425;900000;TMB_BONGKAR
58745425;100000;TMB_BIAYA INAP (OVERNIGHT CHARGE)
58745425;200000;TMB_BIAYA INAP (OVERNIGHT CHARGE)
58745429;25000;TMB_MULTIDROP
58745429;70000;TMB_BIAYA INAP (OVERNIGHT CHARGE)
58745429;135000;TMB_BONGKAR
58745433;27200;TMB_BONGKAR
58745444;101000;TMB_BONGKAR
58745444;25000;TMB_MULTIDROP
58745473;422400;TMB_BONGKAR
58745649;15000;TMB_STAPLE
58745652;15000;TMB_STAPLE
58745665;15000;TMB_STAPLE
58745676;15000;TMB_STAPLE
58745688;15000;TMB_STAPLE
58745999;600000;TMB_BONGKAR
58746022;380000;TMB_BONGKAR
58746022;180000;TMB_KOMISI SUPIR
58747418;70000;TMB_BIAYA INAP (OVERNIGHT CHARGE)
58747418;50000;TMB_MULTIDROP
58747429;200000;TMB_BONGKAR
58747764;15000;TMB_STAPLE
58747803;15000;TMB_STAPLE
58747835;15000;TMB_STAPLE
58747835;200000;TMB_BONGKAR
58747861;15000;TMB_STAPLE
58747863;15000;TMB_STAPLE
58747863;45000;TMB_BONGKAR
58747886;15000;TMB_STAPLE
58747886;100000;TMB_BONGKAR
58748517;15000;TMB_STAPLE
58750849;448000;TMB_BONGKAR
58750871;448000;TMB_BONGKAR
58750895;520000;TMB_BONGKAR
58750919;134000;TMB_BONGKAR
58750936;12000;TMB_BONGKAR
58751029;264600;UNBILLED BONGKAR
58751029;100000;TMB_BIAYA INAP (OVERNIGHT CHARGE)
58751041;159000;UNBILLED BONGKAR
58751041;108000;UNBILLED BONGKAR
58751053;100000;TMB_BIAYA INAP (OVERNIGHT CHARGE)
58751053;300000;TMB_MULTIDROP
58751053;100000;TMB_BIAYA INAP (OVERNIGHT CHARGE)
58751053;82000;UNBILLED BONGKAR
58751053;93000;UNBILLED BONGKAR
58751053;14500;UNBILLED BONGKAR
58751053;14800;UNBILLED BONGKAR
58751058;500000;TMB_KOMISI SUPIR
58751058;1200000;UNBILLED BONGKAR
58751058;200000;TMB_KOMISI SUPIR
58751058;200000;TMB_KOMISI SUPIR
58757489;70000;TMB_BIAYA INAP (OVERNIGHT CHARGE)
58757490;70000;TMB_BIAYA INAP (OVERNIGHT CHARGE)
58757492;200000;TMB_BONGKAR
58758409;100000;TMB_KOMISI SUPIR
58758429;936000;TMB_BONGKAR
58758638;101500;TMB_BONGKAR
58758638;25000;TMB_MULTIDROP
58758648;21500;TMB_BONGKAR
58758648;50000;TMB_MULTIDROP
58758652;295000;TMB_BONGKAR
58758661;179500;TMB_BONGKAR
58758663;24600;TMB_BONGKAR
58759103;200000;TMB_BONGKAR
58759103;200000;TMB_BIAYA INAP (OVERNIGHT CHARGE)
58759103;100000;TMB_TOLL
58759170;435900;TMB_BONGKAR
58759170;282500;TMB_TOLL
58759170;200000;TMB_BIAYA INAP (OVERNIGHT CHARGE)
58759170;100000;TMB_TOLL
58759170;31500;TMB_BONGKAR
58759241;500000;TMB_BONGKAR
58759241;200000;TMB_BIAYA INAP (OVERNIGHT CHARGE)
58759241;100000;TMB_BONGKAR
58759241;200000;TMB_KOMISI SUPIR
58759641;200000;TMB_MULTIDROP
58760756;780000;TMB_BONGKAR
58760756;200000;TMB_BIAYA INAP (OVERNIGHT CHARGE)
58760786;;TMB_BONGKAR
58760786;150000;TMB_KOMISI SUPIR
58760786;280000;UNBILLED MUAT
58760786;260000;TMB_BONGKAR
58760786;100000;TMB_KOMISI SUPIR
58761018;546000;TMB_BONGKAR
58761018;106000;TMB_TOLL
58761018;200000;TMB_BIAYA INAP (OVERNIGHT CHARGE)
58761018;100000;TMB_TOLL
58761018;65000;TMB_KOMISI SUPIR
58761041;550000;TMB_BONGKAR
58762555;100000;TMB_BONGKAR
58762555;150000;TMB_KOMISI SUPIR
58762555;300000;TMB_BIAYA INAP (OVERNIGHT CHARGE)
58762555;60000;TMB_TOLL
58762556;100000;TMB_BONGKAR
58762556;150000;TMB_KOMISI SUPIR
58762556;100000;TMB_KOMISI SUPIR
58762556;150000;TMB_BONGKAR
58762571;404825;TMB_BONGKAR
58762571;200000;TMB_BIAYA INAP (OVERNIGHT CHARGE)
58762607;500000;TMB_BONGKAR
58762608;36000;TMB_BONGKAR
58762608;28000;TMB_BONGKAR
58762618;100000;TMB_BONGKAR
58762618;150000;TMB_KOMISI SUPIR
58762618;200000;TMB_BIAYA INAP (OVERNIGHT CHARGE)
58762618;100000;TMB_TOLL
58762618;90000;TMB_PARKIR
58763129;73500;TMB_BONGKAR
58763264;500000;TMB_KOMISI SUPIR
58763264;200000;TMB_MULTIDROP
58763264;600000;UNBILLED BONGKAR
58763264;250000;TMB_TOLL
58763264;1200000;UNBILLED BONGKAR
58765042;150000;TMB_MOBILISASI
58765042;150000;TMB_KOMISI SUPIR
58765042;100000;TMB_BIAYA INAP (OVERNIGHT CHARGE)
58765042;100000;TMB_TOLL
58765042;898200;TMB_BONGKAR
58765042;101800;TMB_KOMISI SUPIR
58765064;140000;TMB_BONGKAR
58765066;200000;TMB_BONGKAR
58765079;50000;TMB_KOMISI SUPIR
58765079;70000;TMB_BIAYA INAP (OVERNIGHT CHARGE)
58765080;50000;TMB_KOMISI SUPIR
58765081;50000;TMB_KOMISI SUPIR
58765591;900000;TMB_BONGKAR
58765591;100000;TMB_KOMISI SUPIR
58765598;70000;TMB_BONGKAR
58765598;100000;TMB_KOMISI SUPIR
58765598;100000;TMB_BIAYA INAP (OVERNIGHT CHARGE)
58765600;50000;TMB_BONGKAR
58765603;559500;TMB_BONGKAR
58765603;100000;TMB_BIAYA INAP (OVERNIGHT CHARGE)
58765603;100000;TMB_TOLL
58765687;15000;TMB_STAPLE
58765689;15000;TMB_STAPLE
58765691;15000;TMB_STAPLE
58765692;500000;TMB_BONGKAR
58765692;100000;TMB_BIAYA INAP (OVERNIGHT CHARGE)
58765694;15000;TMB_STAPLE
58765829;26000;TMB_BONGKAR
58765832;80400;TMB_BONGKAR
58765834;222500;TMB_BONGKAR
58765877;70000;TMB_BONGKAR
58765877;70000;TMB_BIAYA INAP (OVERNIGHT CHARGE)
58765902;210600;TMB_BONGKAR
58765917;96500;TMB_BONGKAR
58765917;25000;TMB_MULTIDROP
58765929;22000;TMB_BONGKAR
58765932;28000;TMB_BONGKAR
58765937;22000;TMB_BONGKAR
58765937;59000;TMB_BONGKAR
58765937;50000;TMB_MULTIDROP
58767463;95500;TMB_BONGKAR
58767993;15000;TMB_STAPLE
58768002;15000;TMB_STAPLE
58768006;15000;TMB_STAPLE
58768006;100000;UNBILLED_RAPIDTEST
58768036;15000;TMB_STAPLE
58768036;7500;TMB_MULTIDROP
58768092;7500;TMB_MULTIDROP
58768092;60000;TMB_KOMISI SUPIR
58768110;15000;TMB_STAPLE
58768110;15000;TMB_MULTIDROP
58768114;15000;TMB_STAPLE
58768114;20000;TMB_KOMISI SUPIR
58768133;15000;TMB_STAPLE
58768157;15000;TMB_STAPLE
58768157;200000;TMB_BONGKAR
58768179;15000;TMB_STAPLE
58768555;500000;TMB_BONGKAR
58768642;640000;TMB_BONGKAR
58768694;640000;TMB_BONGKAR
58768784;79200;TMB_BONGKAR
58768785;35000;TMB_BONGKAR
58772188;300000;TMB_MULTIDROP
58772188;100000;TMB_BIAYA INAP (OVERNIGHT CHARGE)
58772188;;UNBILLED BONGKAR
58772188;74900;UNBILLED BONGKAR
58772188;18500;UNBILLED BONGKAR
58772188;56600;TMB_KOMISI SUPIR
58772189;100000;TMB_BIAYA INAP (OVERNIGHT CHARGE)
58772189;170000;TMB_KOMISI SUPIR
58772189;70000;TMB_KOMISI SUPIR
58772190;100000;TMB_BONGKAR
58772190;150000;TMB_KOMISI SUPIR
58772190;100000;TMB_BIAYA INAP (OVERNIGHT CHARGE)
58772190;100000;TMB_BONGKAR
58772190;150000;TMB_KOMISI SUPIR
58772190;100000;TMB_BIAYA INAP (OVERNIGHT CHARGE)
58772302;70000;TMB_BIAYA INAP (OVERNIGHT CHARGE)
58772332;100000;TMB_BONGKAR
58772332;150000;TMB_KOMISI SUPIR
58772332;100000;TMB_TOLL
58772332;200000;TMB_BIAYA INAP (OVERNIGHT CHARGE)
58772332;200000;TMB_BIAYA INAP (OVERNIGHT CHARGE)
58772332;150000;TMB_KOMISI SUPIR
58772332;100000;TMB_BONGKAR
58772332;100000;TMB_TOLL
58772332;500000;TMB_BIAYA INAP (OVERNIGHT CHARGE)
58772337;300000;TMB_BONGKAR
58773090;244660;TMB_KOMISI SUPIR
58773091;150000;TMB_KOMISI SUPIR
58773091;;TMB_BONGKAR
58773091;400000;UNBILLED BONGKAR
58773142;314600;TMB_BONGKAR
58773142;90000;TMB_BIAYA INAP (OVERNIGHT CHARGE)
58773268;100000;TMB_KOMISI SUPIR
58773269;100000;TMB_KOMISI SUPIR
58773295;780000;TMB_BONGKAR
58773295;100000;TMB_TOLL
58773295;50000;TMB_TOLL
58773295;100000;TMB_BIAYA INAP (OVERNIGHT CHARGE)
58773909;27000;TMB_BONGKAR
58773909;25000;TMB_MULTIDROP
58773915;20000;TMB_BONGKAR
58773917;144500;TMB_BONGKAR
58773949;210000;TMB_BONGKAR
58773950;52500;TMB_BONGKAR
58773951;113000;TMB_BONGKAR
58773959;84500;TMB_BONGKAR
58774100;240000;TMB_BONGKAR
58774100;100000;TMB_TOLL
58774365;300000;TMB_BONGKAR
58774365;200000;TMB_BIAYA INAP (OVERNIGHT CHARGE)
58774365;100000;TMB_KOMISI SUPIR
58774365;100000;TMB_RAPIDTEST
58775087;512000;TMB_BONGKAR
58775108;392000;TMB_BONGKAR
58775118;500000;TMB_BONGKAR
58775120;108800;TMB_BONGKAR
58775123;34000;TMB_BONGKAR
58775129;400000;TMB_BONGKAR
58775195;200000;TMB_KOMISI SUPIR
58775200;100000;TMB_BIAYA INAP (OVERNIGHT CHARGE)
58775200;100000;TMB_BONGKAR
58775200;150000;TMB_KOMISI SUPIR
58775200;100000;TMB_KOMISI SUPIR
58775200;100000;TMB_TOLL
58775200;100000;TMB_KOMISI SUPIR
58775209;250000;TMB_BONGKAR
58775209;150000;TMB_KOMISI SUPIR
58775645;15000;TMB_STAPLE
58775655;15000;TMB_STAPLE
58775663;50000;TMB_BONGKAR
58775663;100000;TMB_BIAYA INAP (OVERNIGHT CHARGE)
58775663;50000;TMB_TOLL
58775663;200000;TMB_BIAYA INAP (OVERNIGHT CHARGE)
58775663;100000;TMB_TOLL
58775664;15000;TMB_STAPLE
58775681;15000;TMB_STAPLE
58775686;15000;TMB_STAPLE
58775695;15000;TMB_STAPLE
58775707;15000;TMB_STAPLE
58775707;80000;TMB_KOMISI SUPIR
58775721;15000;TMB_STAPLE
58775749;15000;TMB_STAPLE
58775978;60000;TMB_BONGKAR
58776016;15000;TMB_STAPLE
58776016;95000;TMB_RAPIDTEST
58785480;600000;TMB_BONGKAR
58785480;100000;TMB_BIAYA INAP (OVERNIGHT CHARGE)
58785480;300000;TMB_KOMISI SUPIR
58785495;350000;TMB_BONGKAR
58785495;200000;TMB_BIAYA INAP (OVERNIGHT CHARGE)
58785495;200000;TMB_KOMISI SUPIR
58785498;140000;TMB_BIAYA INAP (OVERNIGHT CHARGE)
58785498;200000;TMB_BONGKAR
58785499;200000;TMB_BONGKAR
58785499;140000;TMB_BIAYA INAP (OVERNIGHT CHARGE)
58785505;780000;TMB_BONGKAR
58785505;150000;TMB_TOLL
58785505;200000;TMB_BIAYA INAP (OVERNIGHT CHARGE)
58785519;100000;TMB_TOLL
58785519;100000;TMB_BIAYA INAP (OVERNIGHT CHARGE)
58785519;215000;TMB_KOMISI SUPIR
58785519;150000;TMB_MOBILISASI
58785519;301500;TMB_BONGKAR
58786267;320000;TMB_BONGKAR
58787625;170000;TMB_BONGKAR
58787625;100000;TMB_BIAYA INAP (OVERNIGHT CHARGE)
58787625;40000;TMB_KOMISI SUPIR
58787942;70000;TMB_BIAYA INAP (OVERNIGHT CHARGE)
58788229;100000;TMB_BIAYA INAP (OVERNIGHT CHARGE)
58788229;193350;TMB_BONGKAR
58788229;70000;TMB_KOMISI SUPIR
58788239;283400;TMB_BONGKAR
58788239;100000;TMB_BIAYA INAP (OVERNIGHT CHARGE)
58788239;100000;TMB_TOLL
58788406;64000;TMB_TOLL
58788406;100000;TMB_RAPIDTEST
58788406;150000;TMB_KOMISI SUPIR
58788538;448000;TMB_BONGKAR
58788548;154400;TMB_BONGKAR
58788549;24500;TMB_BONGKAR
58788634;374500;UNBILLED BONGKAR
58788634;100000;TMB_MULTIDROP
58788891;200000;TMB_MULTIDROP
58788891;100000;TMB_BIAYA INAP (OVERNIGHT CHARGE)
58788891;159600;UNBILLED BONGKAR
58789055;15000;TMB_STAPLE
58789057;15000;TMB_STAPLE
58789065;15000;TMB_STAPLE
58789116;15000;TMB_STAPLE
58789116;30000;TMB_BONGKAR
58789127;15000;TMB_STAPLE
58789129;15000;TMB_STAPLE
58789144;433000;TMB_BONGKAR
58789144;100000;TMB_TOLL
58789144;78000;TMB_KOMISI SUPIR
58789719;900000;TMB_BONGKAR
58789719;100000;TMB_BIAYA INAP (OVERNIGHT CHARGE)
58789719;85000;TMB_KOMISI SUPIR
58789719;300000;TMB_KOMISI SUPIR
58789719;200000;TMB_BIAYA INAP (OVERNIGHT CHARGE)
58789837;15000;TMB_STAPLE
58789855;15000;TMB_STAPLE
58789857;15000;TMB_STAPLE
58789862;100000;TMB_KOMISI SUPIR
58790337;50000;TMB_KOMISI SUPIR
58790337;50000;TMB_KOMISI SUPIR
58790832;15000;TMB_STAPLE
58790878;15000;TMB_STAPLE
58792140;50000;TMB_KOMISI SUPIR
58792140;;TMB_KOMISI SUPIR
58794443;430700;TMB_BONGKAR
58794443;300;TMB_KOMISI SUPIR
58794448;780000;TMB_BONGKAR
58794448;100000;TMB_BIAYA INAP (OVERNIGHT CHARGE)
58794523;;TMB_BIAYA INAP (OVERNIGHT CHARGE)
58794523;70000;TMB_BIAYA INAP (OVERNIGHT CHARGE)
58794524;70000;TMB_BIAYA INAP (OVERNIGHT CHARGE)
58794526;70000;TMB_BIAYA INAP (OVERNIGHT CHARGE)
58794526;50000;TMB_KOMISI SUPIR
58794527;70000;TMB_BIAYA INAP (OVERNIGHT CHARGE)
58794527;50000;TMB_KOMISI SUPIR
58794535;150000;TMB_KOMISI SUPIR
58794535;200000;TMB_KOMISI SUPIR
58794535;100000;TMB_BIAYA INAP (OVERNIGHT CHARGE)
58794538;210000;TMB_BIAYA INAP (OVERNIGHT CHARGE)
58794538;200000;TMB_BONGKAR
58794542;210000;TMB_BIAYA INAP (OVERNIGHT CHARGE)
58794542;200000;TMB_BONGKAR
58794546;431100;TMB_BONGKAR
58794546;60300;TMB_BONGKAR
58794582;121250;TMB_BONGKAR
58794582;150000;TMB_KOMISI SUPIR
58794582;200000;TMB_BIAYA INAP (OVERNIGHT CHARGE)
58794582;100000;TMB_BIAYA INAP (OVERNIGHT CHARGE)
58794582;250000;TMB_KOMISI SUPIR
58795303;100000;TMB_BONGKAR
58795303;150000;TMB_KOMISI SUPIR
58795303;200000;TMB_KOMISI SUPIR
58795303;200000;TMB_BIAYA INAP (OVERNIGHT CHARGE)
58795303;100000;TMB_BIAYA INAP (OVERNIGHT CHARGE)
58796847;15000;TMB_STAPLE
58796853;15000;TMB_STAPLE
58796862;15000;TMB_STAPLE
58796882;15000;TMB_STAPLE
58796927;15000;TMB_STAPLE
58796945;15000;TMB_STAPLE
58796962;15000;TMB_STAPLE
58796980;15000;TMB_STAPLE
58797000;30000;TMB_BONGKAR
58797000;15000;TMB_STAPLE
58797009;200000;TMB_BONGKAR
58797009;15000;TMB_STAPLE
58797022;15000;TMB_STAPLE
58797049;15000;TMB_STAPLE
58797049;200000;TMB_BONGKAR
58797053;15000;TMB_STAPLE
58798184;100000;TMB_BONGKAR
58798184;150000;TMB_KOMISI SUPIR
58798184;200000;TMB_KOMISI SUPIR
58798184;100000;TMB_TOLL
58798184;200000;TMB_KOMISI SUPIR
58798184;200000;TMB_BIAYA INAP (OVERNIGHT CHARGE)
58798184;200000;TMB_BIAYA INAP (OVERNIGHT CHARGE)
58798184;100000;TMB_BIAYA INAP (OVERNIGHT CHARGE)
58799105;640000;TMB_BONGKAR
58799107;768000;TMB_BONGKAR
58799159;500000;TMB_BONGKAR
58799186;166400;TMB_BONGKAR
58801945;162000;TMB_BONGKAR
58801947;150000;UNBILLED MUAT
58801947;986000;UNBILLED BONGKAR
58801947;350000;TMB_MULTIDROP
58801947;100000;TMB_BIAYA INAP (OVERNIGHT CHARGE)
58801947;150000;TMB_KOMISI SUPIR
58801947;705000;UNBILLED BONGKAR
58801947;986000;UNBILLED BONGKAR
58801947;150000;UNBILLED MUAT
58801947;350000;TMB_MULTIDROP
58801947;100000;TMB_BIAYA INAP (OVERNIGHT CHARGE)
58801951;161000;UNBILLED BONGKAR
58801951;90000;UNBILLED BONGKAR
58802935;750000;TMB_BONGKAR
58802939;750000;TMB_BONGKAR
58802959;500000;TMB_BONGKAR
58802959;100000;TMB_TOLL
58802959;200000;TMB_BIAYA INAP (OVERNIGHT CHARGE)
58802972;280000;TMB_MUAT
58802972;;TMB_MUAT
58802972;100000;TMB_KOMISI SUPIR
58802972;150000;TMB_KOMISI SUPIR
58803311;100000;TMB_BONGKAR
58803311;150000;TMB_KOMISI SUPIR
58803311;100000;TMB_KOMISI SUPIR
58803311;200000;TMB_BIAYA INAP (OVERNIGHT CHARGE)
58803311;100000;TMB_KOMISI SUPIR
58803312;100000;TMB_BONGKAR
58803312;150000;TMB_KOMISI SUPIR
58803312;350000;TMB_KOMISI SUPIR
58803312;100000;TMB_TOLL
58803312;100000;TMB_BIAYA INAP (OVERNIGHT CHARGE)
58803312;450000;TMB_KOMISI SUPIR
58803312;100000;TMB_BIAYA INAP (OVERNIGHT CHARGE)
58803312;187500;TMB_TOLL
58807631;31500;TMB_BONGKAR
58809787;70000;TMB_BIAYA INAP (OVERNIGHT CHARGE)
58809787;200000;TMB_BONGKAR
58809788;70000;TMB_BIAYA INAP (OVERNIGHT CHARGE)
58809788;200000;TMB_BONGKAR
58809789;50000;TMB_BONGKAR
58809797;100000;TMB_KOMISI SUPIR
58809797;45000;TMB_KOMISI SUPIR
58809798;160000;TMB_KOMISI SUPIR
58809800;100000;TMB_KOMISI SUPIR
58809800;;TMB_KOMISI SUPIR
58809800;60000;TMB_KOMISI SUPIR
58809802;101800;TMB_KOMISI SUPIR
58809802;;TMB_BIAYA INAP (OVERNIGHT CHARGE)
58809802;900000;TMB_BONGKAR
58810221;50000;TMB_BONGKAR
58817806;150000;TMB_KOMISI SUPIR
58817826;;TMB_BIAYA INAP (OVERNIGHT CHARGE)
58817826;200000;TMB_BONGKAR
58817827;200000;TMB_BONGKAR
58817834;170000;TMB_KOMISI SUPIR
58817834;100000;TMB_BIAYA INAP (OVERNIGHT CHARGE)
58817836;50000;TMB_KOMISI SUPIR
58817836;55000;TMB_KOMISI SUPIR
58817836;100000;TMB_BIAYA INAP (OVERNIGHT CHARGE)
58817848;100000;TMB_BIAYA INAP (OVERNIGHT CHARGE)
58817848;150000;TMB_BONGKAR
58817848;20000;TMB_KOMISI SUPIR
58818687;100000;TMB_BONGKAR
58818712;260000;TMB_MUAT
58818712;260000;TMB_BONGKAR
58818712;150000;TMB_KOMISI SUPIR
58818981;102500;TMB_BONGKAR
58818981;50000;TMB_MULTIDROP
58818990;16500;TMB_BONGKAR
58818990;25000;TMB_MULTIDROP
58819091;150000;TMB_KOMISI SUPIR
58819091;100000;TMB_TOLL
58819196;30000;TMB_BONGKAR
58819196;15000;TMB_STAPLE
58819198;15000;TMB_STAPLE
58819201;15000;TMB_STAPLE
58819741;50000;TMB_KOMISI SUPIR
58820159;15000;TMB_STAPLE
58820159;200000;TMB_BONGKAR
58820854;150000;TMB_KOMISI SUPIR
58821277;15000;TMB_STAPLE
58821287;15000;TMB_STAPLE
58821362;15000;TMB_STAPLE
58821380;15000;TMB_STAPLE
58821380;50000;TMB_KOMISI SUPIR
58831398;140000;TMB_BIAYA INAP (OVERNIGHT CHARGE)
58831399;140000;TMB_BIAYA INAP (OVERNIGHT CHARGE)
58831402;150000;TMB_KOMISI SUPIR
58831402;100000;TMB_BIAYA INAP (OVERNIGHT CHARGE)
58831403;150000;TMB_KOMISI SUPIR
58831403;100000;TMB_BIAYA INAP (OVERNIGHT CHARGE)
58831452;50000;TMB_MULTIDROP
58832502;267000;TMB_BONGKAR
58832502;100000;TMB_BIAYA INAP (OVERNIGHT CHARGE)
58832502;100000;TMB_TOLL
58833720;200000;TMB_BONGKAR
58834100;15000;TMB_STAPLE
58834150;15000;TMB_STAPLE
58834162;15000;TMB_STAPLE
58834217;15000;TMB_STAPLE
58834740;239625;TMB_BONGKAR
58834740;100000;TMB_BIAYA INAP (OVERNIGHT CHARGE)
58834740;33125;TMB_BONGKAR
58834740;100000;TMB_KOMISI SUPIR
58834861;492000;TMB_BONGKAR
58834861;200000;TMB_KOMISI SUPIR
58834861;100000;TMB_TOLL
58835979;15000;TMB_STAPLE
58835979;120000;TMB_BONGKAR
58835985;15000;TMB_STAPLE
58835985;100000;TMB_BONGKAR
58836011;15000;TMB_STAPLE
58836011;100000;TMB_BONGKAR
58836035;15000;TMB_STAPLE
58836058;15000;TMB_STAPLE
58837520;70000;TMB_BIAYA INAP (OVERNIGHT CHARGE)
58842559;100000;TMB_BIAYA INAP (OVERNIGHT CHARGE)
58842559;231000;TMB_BONGKAR
58842559;40000;TMB_KOMISI SUPIR
58842564;15000;TMB_STAPLE
58842565;15000;TMB_STAPLE
58843562;200000;TMB_BONGKAR
58843564;200000;TMB_BONGKAR
58843564;100000;TMB_KOMISI SUPIR
58845208;350000;TMB_BONGKAR
58845208;200000;TMB_KOMISI SUPIR
58845208;126500;TMB_TOLL
58845208;207000;TMB_TOLL
58845208;200000;TMB_BIAYA INAP (OVERNIGHT CHARGE)
58845220;200000;TMB_KOMISI SUPIR
58845220;100000;TMB_BIAYA INAP (OVERNIGHT CHARGE)
58845220;350000;TMB_BONGKAR
58845220;120000;TMB_BONGKAR
58845220;200000;TMB_KOMISI SUPIR
58845220;;TMB_KOMISI SUPIR
58845220;39200;TMB_BONGKAR
58845220;100000;TMB_TOLL
58845245;170000;TMB_BONGKAR
58845245;200000;TMB_BIAYA INAP (OVERNIGHT CHARGE)
58845280;80000;TMB_KOMISI SUPIR
58845280;100000;TMB_BIAYA INAP (OVERNIGHT CHARGE)
58845282;70000;TMB_BIAYA INAP (OVERNIGHT CHARGE)
58845282;110000;TMB_KOMISI SUPIR
58845307;100000;TMB_BIAYA INAP (OVERNIGHT CHARGE)
58845307;50000;TMB_KOMISI SUPIR
58845497;70000;TMB_BIAYA INAP (OVERNIGHT CHARGE)
58845497;50000;TMB_KOMISI SUPIR
58845497;50000;TMB_KOMISI SUPIR
58851100;200000;TMB_BONGKAR
58851101;200000;TMB_BONGKAR
58851155;185700;TMB_MUAT
58851155;150000;TMB_KOMISI SUPIR
58851155;250000;TMB_BONGKAR
58851155;93500;TMB_TOLL
58852028;15000;TMB_STAPLE
58852031;15000;TMB_STAPLE
58852033;15000;TMB_STAPLE
58852034;15000;TMB_STAPLE
58852063;15000;TMB_STAPLE
58852082;70000;TMB_BIAYA INAP (OVERNIGHT CHARGE)
58852082;200000;TMB_KOMISI SUPIR
58852082;15000;TMB_STAPLE
58852085;15000;TMB_STAPLE
58852086;15000;TMB_STAPLE
58852087;15000;TMB_STAPLE
58852091;15000;TMB_STAPLE
58852093;15000;TMB_STAPLE
58852100;15000;TMB_STAPLE
58852101;15000;TMB_STAPLE
58852109;15000;TMB_STAPLE
58852114;15000;TMB_STAPLE
58852114;50000;TMB_KOMISI SUPIR
58852120;15000;TMB_STAPLE
58852132;15000;TMB_STAPLE
58852137;15000;TMB_STAPLE
58852142;15000;TMB_STAPLE
58852150;15000;TMB_STAPLE
58852167;15000;TMB_STAPLE
58852174;20000;TMB_BONGKAR
58852982;23000;TMB_BONGKAR
58852982;600;TMB_BONGKAR
58852985;66000;TMB_BONGKAR
58852988;22400;TMB_BONGKAR
58852997;42000;TMB_BONGKAR
58853001;21000;TMB_BONGKAR
58853003;132600;TMB_BONGKAR
58853010;36000;TMB_BONGKAR
58853014;92000;TMB_BONGKAR
58853022;147000;TMB_BONGKAR
58853031;48000;TMB_BONGKAR
58853031;16500;TMB_BONGKAR
58853031;25000;TMB_MULTIDROP
58853033;181500;TMB_BONGKAR
58853035;126700;TMB_BONGKAR
58853058;57000;TMB_BONGKAR
58853065;118500;TMB_BONGKAR
58853078;25000;TMB_MULTIDROP
58853078;70000;TMB_BIAYA INAP (OVERNIGHT CHARGE)
58853093;13500;TMB_BONGKAR
58853098;306400;TMB_BONGKAR
58853113;354500;TMB_BONGKAR
58853115;100000;TMB_RAPIDTEST
58853115;100000;TMB_BIAYA INAP (OVERNIGHT CHARGE)
58853115;100000;TMB_KOMISI SUPIR
58853116;100800;TMB_BONGKAR
58853122;355000;TMB_BONGKAR
58853163;780000;TMB_BONGKAR
58853163;150000;TMB_KOMISI SUPIR
58853163;100000;TMB_BIAYA INAP (OVERNIGHT CHARGE)
58853163;100000;TMB_BIAYA INAP (OVERNIGHT CHARGE)
58853163;50000;TMB_KOMISI SUPIR
58853177;532500;TMB_BONGKAR
58853177;70000;TMB_BIAYA INAP (OVERNIGHT CHARGE)
58853181;70000;TMB_BIAYA INAP (OVERNIGHT CHARGE)
58853186;70000;TMB_BIAYA INAP (OVERNIGHT CHARGE)
58853191;276400;TMB_BONGKAR
58853192;688000;TMB_BONGKAR
58853216;66400;TMB_BONGKAR
58853229;203000;TMB_BONGKAR
58853235;900000;TMB_BONGKAR
58853235;150000;TMB_KOMISI SUPIR
58853235;200000;TMB_BIAYA INAP (OVERNIGHT CHARGE)
58853239;92500;TMB_BONGKAR
58853240;10000;TMB_BONGKAR
58853244;64000;TMB_BONGKAR
58853245;25500;TMB_BONGKAR
58853253;50000;TMB_KOMISI SUPIR
58853253;269500;TMB_TOLL
58853264;650000;TMB_BONGKAR
58853264;100000;TMB_RAPIDTEST
58853264;;TMB_RAPIDTEST
58853264;100000;TMB_BIAYA INAP (OVERNIGHT CHARGE)
58853264;100000;TMB_KOMISI SUPIR
58853264;100000;TMB_BIAYA INAP (OVERNIGHT CHARGE)
58854035;100000;TMB_BONGKAR
58854035;250000;TMB_KOMISI SUPIR
58854035;550000;TMB_BIAYA INAP (OVERNIGHT CHARGE)
58854045;100000;TMB_BONGKAR
58854045;250000;TMB_KOMISI SUPIR
58854045;100000;TMB_BIAYA INAP (OVERNIGHT CHARGE)
58854096;60000;TMB_PARKIR
58854096;260000;TMB_BONGKAR
58854096;200000;TMB_KOMISI SUPIR
58854096;350000;TMB_BIAYA INAP (OVERNIGHT CHARGE)
58854102;100000;TMB_BONGKAR
58854102;150000;TMB_KOMISI SUPIR
58854105;100000;TMB_BONGKAR
58854105;150000;TMB_KOMISI SUPIR
58854105;200000;TMB_BIAYA INAP (OVERNIGHT CHARGE)
58854108;70000;TMB_BIAYA INAP (OVERNIGHT CHARGE)
58854117;100000;TMB_KOMISI SUPIR
58854117;100000;TMB_BIAYA INAP (OVERNIGHT CHARGE)
58854117;100000;TMB_BONGKAR
58854117;250000;TMB_KOMISI SUPIR
58854117;400000;TMB_BIAYA INAP (OVERNIGHT CHARGE)
58854134;1000000;TMB_KOMISI SUPIR
58854134;200000;TMB_MULTIDROP
58854134;150000;TMB_TOLL
58854134;890000;UNBILLED BONGKAR
58854134;100000;TMB_BIAYA INAP (OVERNIGHT CHARGE)
58854134;1197500;UNBILLED BONGKAR
58854147;500000;TMB_KOMISI SUPIR
58854147;150000;TMB_TOLL
58854147;1200000;UNBILLED BONGKAR
58854147;500000;TMB_KOMISI SUPIR
58854147;150000;TMB_TOLL
58854164;512000;UNBILLED BONGKAR
58854164;200000;TMB_MULTIDROP
58854164;991600;UNBILLED BONGKAR
58854164;150000;TMB_TOLL
58854247;174000;TMB_BONGKAR
58854253;70000;TMB_BIAYA INAP (OVERNIGHT CHARGE)
58854688;250000;TMB_TOLL
58854787;15000;TMB_STAPLE
58854794;15000;TMB_STAPLE
58854797;15000;TMB_STAPLE
58854802;15000;TMB_STAPLE
58854855;70000;TMB_BIAYA INAP (OVERNIGHT CHARGE)
58854884;15000;TMB_STAPLE
58854887;15000;TMB_STAPLE
58854887;50000;TMB_BONGKAR
58854888;15000;TMB_STAPLE
58854893;15000;TMB_STAPLE
58854965;15000;TMB_STAPLE
58854965;7500;TMB_MULTIDROP
58855025;100000;TMB_BONGKAR
58855025;15000;TMB_STAPLE
58855029;100000;TMB_BONGKAR
58855029;15000;TMB_STAPLE
58855034;50000;TMB_BONGKAR
58855034;15000;TMB_STAPLE
58855047;15000;TMB_STAPLE
58855053;15000;TMB_STAPLE
58855053;;TMB_BONGKAR
58855057;20000;TMB_KOMISI SUPIR
58855057;15000;TMB_STAPLE
58855469;15000;TMB_STAPLE
58855520;15000;TMB_STAPLE
58855563;15000;TMB_STAPLE
58855579;15000;TMB_STAPLE
58855618;15000;TMB_STAPLE
58855623;15000;TMB_STAPLE
58855625;15000;TMB_STAPLE
58856276;640000;UNBILLED BONGKAR
58856277;768000;UNBILLED BONGKAR
58856336;490000;TMB_BONGKAR
58856363;90000;TMB_BONGKAR
58860207;170000;TMB_BONGKAR
58860207;100000;TMB_KOMISI SUPIR
58860208;414500;TMB_BONGKAR
58860209;780000;TMB_BONGKAR
58860209;150000;TMB_KOMISI SUPIR
58860209;100000;TMB_BIAYA INAP (OVERNIGHT CHARGE)
58860209;100000;TMB_KOMISI SUPIR
58860209;50000;TMB_KOMISI SUPIR
58860210;332600;TMB_BONGKAR
58860210;100000;TMB_TOLL
58860210;65000;TMB_KOMISI SUPIR
58860211;319200;TMB_BONGKAR
58860212;275000;TMB_BONGKAR
58860213;200000;TMB_KOMISI SUPIR
58860213;200000;TMB_KOMISI SUPIR
58860213;100000;TMB_TOLL
58860213;500000;TMB_BONGKAR
58860213;109000;TMB_KOMISI SUPIR
58860213;241000;TMB_BONGKAR
58860213;9000;TMB_BONGKAR
58860216;100000;TMB_TOLL
58860216;100000;TMB_BIAYA INAP (OVERNIGHT CHARGE)
58860216;499200;TMB_BONGKAR
58860216;43300;TMB_KOMISI SUPIR
58860406;700000;UNBILLED BONGKAR
58860408;640000;UNBILLED BONGKAR
58860409;640000;TMB_BONGKAR
58860411;600000;TMB_BONGKAR
58860411;200000;TMB_BIAYA INAP (OVERNIGHT CHARGE)
58860411;200000;TMB_KOMISI SUPIR
58860411;100000;TMB_BIAYA INAP (OVERNIGHT CHARGE)
58860411;150000;TMB_KOMISI SUPIR
58860422;29000;TMB_BONGKAR
58860424;82500;TMB_BONGKAR
58860425;100000;TMB_MULTIDROP
58860425;200000;UNBILLED BONGKAR
58860425;140000;UNBILLED BONGKAR
58860510;100000;TMB_BIAYA INAP (OVERNIGHT CHARGE)
58860510;100000;TMB_MULTIDROP
58860510;120000;UNBILLED BONGKAR
58862710;150000;TMB_KOMISI SUPIR
58862711;150000;TMB_KOMISI SUPIR
58862720;150000;TMB_KOMISI SUPIR
58862785;640000;UNBILLED BONGKAR
58863072;490000;UNBILLED BONGKAR
58863160;;UNBILLED BONGKAR
58863160;640000;TMB_BONGKAR
58863164;200000;TMB_BONGKAR
58863169;200000;TMB_BONGKAR
58863171;921600;TMB_BONGKAR
58863174;;UNBILLED BONGKAR
58863174;600000;TMB_BONGKAR
58863180;100000;TMB_RAPIDTEST
58863180;64000;TMB_TOLL
58863279;458500;TMB_BONGKAR
58863279;100000;TMB_KOMISI SUPIR
58863288;320600;TMB_BONGKAR
58863410;15000;TMB_STAPLE
58863828;303000;TMB_BONGKAR
58863938;15000;TMB_STAPLE
58863975;15000;TMB_STAPLE
58863995;15000;TMB_STAPLE
58864424;200000;TMB_BIAYA INAP (OVERNIGHT CHARGE)
58864615;227000;TMB_BONGKAR
58865348;201600;TMB_BONGKAR
58865363;59500;TMB_BONGKAR
58865365;22500;TMB_BONGKAR
58865367;83500;TMB_BONGKAR
58865377;17500;TMB_BONGKAR
58865378;397500;TMB_BONGKAR
58865385;193900;TMB_BONGKAR
58865899;15000;TMB_STAPLE
58865902;15000;TMB_STAPLE
58865902;200000;TMB_BONGKAR
58865905;15000;TMB_STAPLE
58865916;15000;TMB_STAPLE
58866392;15000;TMB_STAPLE
58866490;490000;TMB_BONGKAR
58866490;110000;TMB_BONGKAR
58866490;600000;UNBILLED BONGKAR
58866671;192000;TMB_BONGKAR
58866681;232000;TMB_BONGKAR
58866689;200000;TMB_MULTIDROP
58866689;100000;TMB_BIAYA INAP (OVERNIGHT CHARGE)
58866689;150000;TMB_TOLL
58866689;684000;UNBILLED BONGKAR
58866689;590000;UNBILLED BONGKAR
58866689;100000;TMB_BIAYA INAP (OVERNIGHT CHARGE)
58866699;500000;TMB_KOMISI SUPIR
58866699;1200000;UNBILLED BONGKAR
58872686;100000;TMB_BIAYA INAP (OVERNIGHT CHARGE)
58872686;150000;TMB_KOMISI SUPIR
58872686;100000;TMB_BONGKAR
58872686;105000;TMB_KOMISI SUPIR
58872686;100000;TMB_TOLL
58872686;100000;TMB_BIAYA INAP (OVERNIGHT CHARGE)
58873840;70000;TMB_BIAYA INAP (OVERNIGHT CHARGE)
58873840;50000;TMB_KOMISI SUPIR
58873840;50000;TMB_KOMISI SUPIR
58873889;100000;TMB_BONGKAR
58873889;150000;TMB_KOMISI SUPIR
58873889;100000;TMB_TOLL
58875122;100000;TMB_BIAYA INAP (OVERNIGHT CHARGE)
58875122;200000;TMB_MULTIDROP
58875122;200000;TMB_BIAYA INAP (OVERNIGHT CHARGE)
58875228;150000;TMB_KOMISI SUPIR
58875228;56000;TMB_TOLL
58875298;80000;TMB_KOMISI SUPIR
58875307;300000;TMB_KOMISI SUPIR
58875307;100000;TMB_TOLL
58875307;100000;TMB_BIAYA INAP (OVERNIGHT CHARGE)
58875307;25200;TMB_BONGKAR
58875307;163000;TMB_BONGKAR
58875307;14000;TMB_BONGKAR
58875307;119000;TMB_BONGKAR
58875358;140000;TMB_KOMISI SUPIR
58875423;148500;TMB_BONGKAR
58875426;218000;TMB_BONGKAR
58875533;200000;TMB_BONGKAR
58875533;70000;TMB_BIAYA INAP (OVERNIGHT CHARGE)
58875535;200000;TMB_BONGKAR
58875535;70000;TMB_BIAYA INAP (OVERNIGHT CHARGE)
58875814;15000;TMB_STAPLE
58875830;15000;TMB_STAPLE
58875832;15000;TMB_STAPLE
58875834;15000;TMB_STAPLE
58876408;230000;TMB_BONGKAR
58876408;100000;TMB_BIAYA INAP (OVERNIGHT CHARGE)
58876439;150000;TMB_KOMISI SUPIR
58876439;70000;TMB_KOMISI SUPIR
58876439;141000;TMB_KOMISI SUPIR
58876439;237500;TMB_KOMISI SUPIR
58876464;600000;TMB_BONGKAR
58876464;200000;TMB_KOMISI SUPIR
58876464;100000;TMB_BIAYA INAP (OVERNIGHT CHARGE)
58876522;275000;TMB_BONGKAR
58876522;150000;TMB_KOMISI SUPIR
58876522;212000;TMB_KOMISI SUPIR
58876534;80000;TMB_KOMISI SUPIR
58877144;140000;TMB_BIAYA INAP (OVERNIGHT CHARGE)
58877145;140000;TMB_BIAYA INAP (OVERNIGHT CHARGE)
58877589;487000;TMB_BONGKAR
58877589;100000;TMB_TOLL
58877623;275000;TMB_BONGKAR
58877623;75000;TMB_KOMISI SUPIR
58877646;780000;TMB_BONGKAR
58877646;300000;TMB_KOMISI SUPIR
58877651;300000;TMB_BONGKAR
58877651;100000;TMB_TOLL
58877941;640000;TMB_BONGKAR
58878000;114000;TMB_KOMISI SUPIR
58878074;100000;TMB_KOMISI SUPIR
58878167;100000;TMB_KOMISI SUPIR
58878167;250000;TMB_TOLL
58878167;100000;TMB_KOMISI SUPIR
58878444;150000;UNBILLED BONGKAR
58878444;105000;TMB_KOMISI SUPIR
58878444;150000;UNBILLED BONGKAR
58878689;225500;TMB_BONGKAR
58878689;100000;TMB_TOLL
58878689;100000;TMB_BIAYA INAP (OVERNIGHT CHARGE)
58878725;15000;TMB_STAPLE
58878748;50000;TMB_BONGKAR
58878772;15000;TMB_STAPLE
58878781;15000;TMB_STAPLE
58878814;15000;TMB_STAPLE
58878814;7500;TMB_MULTIDROP
58878842;15000;TMB_STAPLE
58878860;15000;TMB_STAPLE
58878869;80000;TMB_BONGKAR
58878874;15000;TMB_STAPLE
58878881;15000;TMB_STAPLE
58879916;202400;TMB_BONGKAR
58879945;190000;TMB_BONGKAR
58879979;436500;TMB_BONGKAR
58879981;108000;TMB_BONGKAR
58879995;25000;TMB_MULTIDROP
58879995;21000;TMB_BONGKAR
58879995;70000;TMB_BIAYA INAP (OVERNIGHT CHARGE)
58879998;66800;TMB_BONGKAR
58880007;57000;TMB_BONGKAR
58880016;135800;TMB_BONGKAR
58880033;266500;TMB_BONGKAR
58882823;54000;TMB_TOLL
58882823;100000;TMB_RAPIDTEST
58882823;150000;TMB_KOMISI SUPIR
58888840;100000;TMB_BONGKAR
58888840;150000;TMB_KOMISI SUPIR
58888840;200000;TMB_KOMISI SUPIR
58891620;37000;TMB_BONGKAR
58891620;25000;TMB_MULTIDROP
58891630;256000;TMB_BONGKAR
58891635;109500;TMB_BONGKAR
58891636;50000;TMB_BONGKAR
58891644;158500;TMB_BONGKAR
58891651;619500;TMB_BONGKAR
58891656;49000;TMB_BONGKAR
58891734;150000;TMB_KOMISI SUPIR
58891734;115000;TMB_TOLL
58891947;170000;TMB_BONGKAR
58891953;275000;TMB_BONGKAR
58891965;170000;TMB_BONGKAR
58892071;300000;TMB_BONGKAR
58892071;150000;TMB_TOLL
58892093;15000;TMB_STAPLE
58892097;15000;TMB_STAPLE
58892100;15000;TMB_STAPLE
58892525;230000;TMB_BONGKAR
58892597;490000;UNBILLED BONGKAR
58892632;700000;TMB_BONGKAR
58892728;105000;TMB_BONGKAR
58892784;;TMB_BONGKAR
58894168;900000;TMB_BONGKAR
58894168;80000;TMB_KOMISI SUPIR
58894174;292325;TMB_BONGKAR
58894174;100000;TMB_KOMISI SUPIR
58894186;350000;TMB_BONGKAR
58894666;200000;TMB_BONGKAR
58894666;15000;TMB_STAPLE
58894682;15000;TMB_STAPLE
58894749;15000;TMB_STAPLE
58894755;15000;TMB_STAPLE
58894755;300000;TMB_KOMISI SUPIR
58894842;15000;TMB_STAPLE
58894848;15000;TMB_STAPLE
58894850;15000;TMB_STAPLE
58896345;70000;TMB_BIAYA INAP (OVERNIGHT CHARGE)
58899795;187000;TMB_BONGKAR
58900390;200000;TMB_BONGKAR
58900390;70000;TMB_BIAYA INAP (OVERNIGHT CHARGE)
58900391;200000;TMB_BONGKAR
58900391;70000;TMB_BIAYA INAP (OVERNIGHT CHARGE)
58900596;50000;TMB_KOMISI SUPIR
58900675;170000;TMB_BONGKAR
58900675;150000;TMB_TOLL
58900678;100000;TMB_BIAYA INAP (OVERNIGHT CHARGE)
58900678;150000;UNBILLED MUAT
58900678;150000;TMB_TOLL
58900678;100000;TMB_MULTIDROP
58900678;353500;UNBILLED BONGKAR
58900679;100000;TMB_BIAYA INAP (OVERNIGHT CHARGE)
58900679;100000;TMB_MULTIDROP
58900679;100000;TMB_TOLL
58900679;150000;UNBILLED BONGKAR
58901750;150000;TMB_KOMISI SUPIR
58901750;80000;TMB_BONGKAR
58901750;67000;TMB_TOLL
58902388;10000;TMB_BONGKAR
58902388;15000;TMB_STAPLE
58902397;15000;TMB_STAPLE
58902412;15000;TMB_STAPLE
58902413;32500;TMB_BONGKAR
58902413;25000;TMB_MULTIDROP
58902497;16400;TMB_BONGKAR
58902501;48500;TMB_BONGKAR
58902504;20500;TMB_BONGKAR
58904723;700000;UNBILLED BONGKAR
58904723;300000;TMB_MOBILISASI
58904727;768000;TMB_BONGKAR
58904732;640000;UNBILLED BONGKAR
58904734;172500;TMB_BONGKAR
58904734;170000;TMB_BONGKAR
58904793;149000;TMB_BONGKAR
58905187;336000;TMB_BONGKAR
58905187;100000;TMB_TOLL
58905226;501000;TMB_BONGKAR
58905226;200000;TMB_BIAYA INAP (OVERNIGHT CHARGE)
58905226;100000;TMB_KOMISI SUPIR
58905226;200000;TMB_KOMISI SUPIR
58905226;100000;TMB_BIAYA INAP (OVERNIGHT CHARGE)
58905299;50000;TMB_KOMISI SUPIR
58905728;15000;TMB_STAPLE
58905825;15000;TMB_STAPLE
58905834;15000;TMB_STAPLE
58905844;15000;TMB_STAPLE
58905881;15000;TMB_STAPLE
58905884;15000;TMB_STAPLE
58905927;15000;TMB_STAPLE
58905927;30000;TMB_MULTIDROP
58906847;15000;TMB_STAPLE
58907096;500000;TMB_BONGKAR
58911775;200000;TMB_BONGKAR
58912666;300000;TMB_MUAT
58912666;150000;TMB_KOMISI SUPIR
58912676;70000;TMB_KOMISI SUPIR
58912676;70000;TMB_BIAYA INAP (OVERNIGHT CHARGE)
58912785;250000;TMB_BONGKAR
58912785;169500;TMB_BONGKAR
58912785;100000;TMB_TOLL
58912785;200000;TMB_KOMISI SUPIR
58912785;200000;TMB_KOMISI SUPIR
58913511;50000;TMB_KOMISI SUPIR
58913511;70000;TMB_BIAYA INAP (OVERNIGHT CHARGE)
58913518;85000;TMB_KOMISI SUPIR
58913518;70000;TMB_BIAYA INAP (OVERNIGHT CHARGE)
58913552;100000;TMB_BONGKAR
58913552;100000;TMB_BIAYA INAP (OVERNIGHT CHARGE)
58913601;150000;TMB_KOMISI SUPIR
58913818;140000;TMB_BIAYA INAP (OVERNIGHT CHARGE)
58913818;100000;TMB_KOMISI SUPIR
58913818;50000;TMB_KOMISI SUPIR
58913840;900000;TMB_BONGKAR
58913840;100000;TMB_BIAYA INAP (OVERNIGHT CHARGE)
58913921;28000;TMB_BONGKAR
58913921;25000;TMB_MULTIDROP
58913923;70000;TMB_BIAYA INAP (OVERNIGHT CHARGE)
58913924;210000;TMB_BONGKAR
58913924;100000;TMB_TOLL
58913924;100000;TMB_BIAYA INAP (OVERNIGHT CHARGE)
58913926;28400;TMB_BONGKAR
58913930;25500;TMB_BONGKAR
58913931;537000;TMB_BONGKAR
58913931;70000;TMB_BIAYA INAP (OVERNIGHT CHARGE)
58913933;275000;TMB_BONGKAR
58913934;33000;TMB_BONGKAR
58913951;25000;TMB_BONGKAR
58913955;103000;TMB_BONGKAR
58913957;98500;TMB_BONGKAR
58913957;25000;TMB_MULTIDROP
58913959;47600;TMB_BONGKAR
58913979;15000;TMB_STAPLE
58913995;15000;TMB_STAPLE
58913997;15000;TMB_STAPLE
58914000;15000;TMB_STAPLE
58914000;30000;TMB_BONGKAR
58914001;15000;TMB_STAPLE
58914005;15000;TMB_STAPLE
58914010;15000;TMB_STAPLE
58914012;15000;TMB_STAPLE
58914013;15000;TMB_STAPLE
58914406;100000;TMB_MUAT
58914406;150000;TMB_BONGKAR
58914406;150000;TMB_KOMISI SUPIR
58915017;500000;TMB_BONGKAR
58915017;100000;TMB_TOLL
58915017;85000;TMB_KOMISI SUPIR
58915713;200000;TMB_BONGKAR
58915713;100000;TMB_TOLL
58915713;100000;TMB_BIAYA INAP (OVERNIGHT CHARGE)
58916199;70000;TMB_BIAYA INAP (OVERNIGHT CHARGE)
58916940;15000;TMB_STAPLE
58916954;15000;TMB_STAPLE
58916962;15000;TMB_STAPLE
58916969;15000;TMB_STAPLE
58916973;15000;TMB_STAPLE
58916976;15000;TMB_STAPLE
58917016;15000;TMB_STAPLE
58921337;389500;TMB_BONGKAR
58921338;175000;TMB_BONGKAR
58921339;640000;TMB_BONGKAR
58921340;100000;TMB_BIAYA INAP (OVERNIGHT CHARGE)
58921340;150000;TMB_KOMISI SUPIR
58921340;100000;TMB_BONGKAR
58921352;150000;UNBILLED MUAT
58921352;300000;TMB_KOMISI SUPIR
58921390;780000;TMB_BONGKAR
58921390;150000;TMB_KOMISI SUPIR
58921392;650000;TMB_BONGKAR
58921392;100000;TMB_RAPIDTEST
58921392;100000;TMB_KOMISI SUPIR
58921393;193750;TMB_BONGKAR
58921393;100000;TMB_BIAYA INAP (OVERNIGHT CHARGE)
58921394;624000;TMB_BONGKAR
58921409;650000;TMB_BONGKAR
58921409;100000;TMB_RAPIDTEST
58921409;150000;TMB_KOMISI SUPIR
58921409;100000;TMB_KOMISI SUPIR
58921550;260000;TMB_BONGKAR
58921576;21500;TMB_BONGKAR
58921590;100000;TMB_BONGKAR
58921590;150000;TMB_KOMISI SUPIR
58923930;900000;TMB_BONGKAR
58923982;100000;TMB_BONGKAR
58923982;150000;TMB_KOMISI SUPIR
58923984;200000;TMB_BIAYA INAP (OVERNIGHT CHARGE)
58924869;34500;TMB_BONGKAR
58924888;23200;TMB_BONGKAR
58924896;67000;TMB_BONGKAR
58924896;35500;TMB_BONGKAR
58924896;50000;TMB_MULTIDROP
58924948;150000;TMB_KOMISI SUPIR
58925278;15000;TMB_STAPLE
58925280;15000;TMB_STAPLE
58925281;15000;TMB_STAPLE
58925285;15000;TMB_STAPLE
58925299;15000;TMB_STAPLE
58925783;600000;TMB_BONGKAR
58926886;15000;TMB_STAPLE
58926898;15000;TMB_STAPLE
58926898;20000;TMB_BONGKAR
58926921;15000;TMB_STAPLE
58926924;15000;TMB_STAPLE
58926924;50000;TMB_KOMISI SUPIR
58926931;15000;TMB_STAPLE
58926931;50000;TMB_BONGKAR
58926960;15000;TMB_STAPLE
58926960;10000;TMB_BONGKAR
58928294;15000;TMB_STAPLE
58928294;20000;TMB_KOMISI SUPIR
58928302;15000;TMB_STAPLE
58928310;15000;TMB_STAPLE
58932521;345000;TMB_BONGKAR
58932526;117500;TMB_BONGKAR
58932542;100000;TMB_RAPIDTEST
58934666;15000;TMB_STAPLE
58934666;30000;TMB_KOMISI SUPIR
