Description;File Upload Cross Reference
AAB(TRIP_ONCALL);AAB(TO)
AAT(TRIP_ONCALL);AAT(TO)
ABC(RENTAL);ABC(RENTAL
ABC(RENTAL_VARIABLE);ABC(RV)
ABC(TRIP_ONCALL);ABC(TO)
ABP(TRIP_ONCALL);ABP(TO)
ACE(TRIP_ONCALL);ACE
ADP_SBY(TRIP_ONCALL);ADP_SBYTRI
ADS(TRIP_ONCALL);ADS(TO)
ADS_MDN(TRIP_ONCALL);ADS_MDN(TO
ADS_SBY(TRIP_ONCALL);ADS_SBYTRI
ADS_SMG(TRIP);ADS_SMG(T)
ADX_SMG(TRIP_ONCALL);ADX_SMG(TO
AFI(TRIP_ONCALL);AFI(TO)
AGM(TRIP_ONCALL);AGM(TO)
AGT_SBY(TRIP);AGT_SBYTRI
AGT_SMG(TRIP);AGT_SMG(T)
AID(TRIP_ONCALL);AID(TO)
AID_MDN(TRIP_ONCALL);AID_MDN(TO
AID_SBY(TRIP_ONCALL);AID_SBYTRI
AIL(TRIP_ONCALL);AIL(TO)
AIM_SMG(TRIP_ONCALL);AIM_SMG(TO
AJI(TRIP_ONCALL);AJI(TO)
AJI_SBY(TRIP_ONCALL);AJI_SBYTRI
AKL_SBY(TRIP_ONCALL);AKL_SBY(TR
AKT_SMG(TRIP);AKT_SMG(TR
AKU(KG_PAPER);AKU(KG_PR)
AKU(KG_YARN);AKU(KG_YN)
AKU(TRIP_ONCALL);AKU(TO)
AKU_SMG(TRIP);AKU_SMG(TR
AKU_SMG(TRIP_AKU);AKU_SMG(TA
AMA(KG);AMA(KG)
AMA(RENTAL);AMA(RENTAL
AMA(TR);AMA(TR)
AMA(TRIP);AMA(TRIP)
AMA(TRIP_ONCALL);AMA(TO)
AMA_SBY(TR);AMA_SBYTR
AMA_SBY(TRIP_ONCALL);AMA_SBYTRI
AMN(KG);AMN(KG)
AMN(KG)BL;AMN(KG)BL
AMP_SBY(TRIP_ONCALL);AMP_SBYTR
ANA(RENTAL);ANA(RENTAL
ANA(TR);ANA(TR)
ANA(TRIP);ANA(TRIP)
ANA(TRIP_ONCALL);ANA(TO)
ANA_SBY(TR);AMA_SBY(TR
ANA_SBY(TRIP);ANA_SBYRT
ANA_SBY(TRIP_ONCALL);ANA_SBYTRI
AOI(TRIP_ONCALL);AOI(TO)
AOI_SBY(TRIP_ONCALL);AOI_SBY(TR
AOP_SBY(TRIP);AOP_SBYTRI
API(TRIP_ONCALL);API(TO)
APR(KG_PAPER);APR(KG_PR)
APR(KG_YARN);APR(KG_YN)
APR(TRIP_ONCALL);APR(TO)
APR_SMG(TRIP);APR_SMG(TR
APY_SMG(TRIP);APY_SMG(TR
ARV_SBY(TRIP);ARV_SBYTRI
ASG_SMG(TRIP_ONCALL);ASG_SMG(TO
ASI(RENTAL);ASI(RENTAL
ASI(RENTAL_VARIABLE);ASI(RV)
ASI(TRIP);ASI(T)
ASI(TRIP_ONCALL);ASI(TO)
ASR_SMG(KG);ASR_SMG(KG
ATA(TRIP_ONCALL);ATA(TO)
ATP(TRIP_ONCALL);ATP(TO)
BAA_DOMESTIK;BAAD
BAJ(TRIP_ONCALL);BAJ(T)
BAJ_SBY(TRIP);BAJ_SBYTRI
BCA(RENTAL);BCA(RENTAL
BCA(TR);BCA(TR)
BES_SBY(TRIP_ONCALL);BES_SBYTRI
BHM(TRIP_ONCALL);BHM(TO)
BHM_SBY(TRIP);BHM_SBYTRI
BNN(TRIP_ONCALL);BNN(TO)
BSL(TRIP_ONCALL);BSL(TO)
BSR(TRIP_ONCALL);BSR(TO)
CAM(RENTAL);CAM(RENTAL
CAS(TRIP_ONCALL);CAS(TO)
CAT(TRIP_ONCALL);CAT(TO)
CBE_SBY(TRIP_ONCALL);CBE_SBYTRI
CCC(TRIP_ONCALL);CCC(TO)
CDI(TRIP_ONCALL);CDI(TO)
CEE_MDN(TRIP_ONCALL);CEE_MDN(TO
CGI(KG);CGI(KG)
CGI(TRIP_ONCALL);CGI(TO)
CGL_MDN(TRIP_ONCALL);CGL_MDN(TR
CLI(RENTAL);CLI(RENTAL
CLI(TR);CLI(TR)
CLI(TRIP_ONCALL);CLI(TO)
CLI_SBY(TR);CLI_SBYTR
CLI_SBY(TRIP);CLI_SBYRIP
CLI_SMG(TR);CLI_SMG(T)
CLI_SMG(TRIP_ONCALL);CLI_SMG(TO
CML(RENTAL);CML(R)
CML(TR);CML(TR)
CML(TRIP);CML(TRIP)
CML(TRIP_ONCALL_BP);CML(ONCALL
CML(TRIP_ONCALL_VM);CML(TO_VM)
CML_EXIM_PLB(TRIP);PLB(TRIP)
CMU(TRIP_ONCALL);CMU(TO)
CMX(TRIP_ONCALL);CMX(TO)
CMX_EXIM_SBY(TRIP);CMX_EXIMSB
CMX_SBY(KG);CMX_SBYKG
CPH(TRIP_ONCALL);CPH(TO)
CPS(TRIP_ONCALL);CPS(TO)
CRP(TRIP_ONCALL);CRP(TO)
CRP_SBY(TRIP);CRP_SBYTR
CSO_SBY(TRIP);CSO_SBY(T)
CTN_MDN(KG);CTN_MDN(KG
DAI(TRIP_ONCALL);DAI(TO)
DAN(RENTAL);DAN(RENTAL
DAN(TRIP);DAN(TRIP)
DAP_SBY(TRIP_ONCALL));DAP_SBYTR
DAS(TRIP_ONCALL);DAS(TO)
DCM(TRIP_ONCALL);DCM(TO)
DIT_SBY(TRIP);DIT_SBY(T)
DKJ(RENTAL);DKJ(RENT)
DKJ(RENTAL_VARIABLE);DKJ(RV)
DKJ(TRIP_ONCALL);DKJ(TO)
DKJ_IMPORT;DKJI
DKJ_MDN(KG);DKJ_MDN(KG
DKJ_MDN(TRIP_ONCALL);DKJ_MDN(TO
DKJ_SMG(KG);DKJ_SMG(KG
DKJ_SMG(TRIP_ONCALL);DKJ_SMG(TO
DLR_SMG(TRIP);DLR_SMG(TR
DMG_SMG(TRIP);DMG_SMG(T)
DMI(KG);DMI(KG)
DMI(TRIP_ONCALL);DMI(TO)
DMS_SMG(TRIP_ONCALL);DMS_SMG(TO
DMT_SMG(TRIP_ONCALL);DMT_SMG(TO
DSI(TRIP_ONCALL);DSI(TO)
DSM_SBY(TRIP);DSM_SBYTRI
DTI(RENTAL);DTI(R)
DTI(RENTAL_VARIABLE);DTI(RV)
DTI(TRIP_ONCALL);DTI(TO)
DYN_SBY(TRIP);DYN_SBYTRI
ECI_SBY(TRIP);ECI_SBY(T)
ECI_SBYCDD(TRIP);ECI_SBCD
EJI(TRIP_ONCALL);EJI(TO)
ELI(RENTAL);ELI(R)
ELI_SBY(TRIP);ELI_SBUTRI
ERB(RENTAL);ERB(RENTAL
ERP_SBY(TRIP);ERP_SBY(T)
ESS(KG);ESS(KG)
ESS(KG)BL;ESS(KG)BL
ESS(KG)_R1;ESS(KG)_R1
ETI_SBY(TRIP);ETI_SBY(T)
EXIM_ABS(TRIP);EXIM_ABS(T
EXIM_ACE(TRIP);EXIM_ACE(T
EXIM_AGM(TRIP);EXIM_AGM(T
EXIM_AID(TRIP);EXIM_AID(T
EXIM_AID_MDN(TRIP_ON;EXIM_AIDMD
EXIM_AID_SBY(TRIP);EXIM_AIDSB
EXIM_AKU(TRIP);EXIM_AKU(T
EXIM_ANP(TRIP);EXIM_ANP
EXIM_AOP_SBY(TRIP);EXIM_AOP_S
EXIM_ASI(TRIP);EXIM_ASI(T
EXIM_ATM(TRIP);EXIM_ATM
EXIM_BAA(TRIP);BAA
EXIM_BAJ(TRIP);EXIM_BAJ(T
EXIM_BES_SBY(TRIP);EXIM_BESSB
EXIM_BHM_SBY(TRIP);EXIM_BHMSB
EXIM_BMM(TRIP);EXIM_BMM(T
EXIM_BMS(TRIP);EXIM_BMS(T
EXIM_BSA_SBY(TRIP);EXIM_BSASB
EXIM_BSR(TRIP);BSR(T)
EXIM_BTL(TRIP);BTL(T)
EXIM_CAL(TRIP);EXIM_CAL
EXIM_CAP(TRIP);EXIM_CAP(T
EXIM_CAP_MDN(TRIP_ONCALL);EXIM_CAP_M
EXIM_CAP_SBY(TRIP);EXIM_CAPSB
EXIM_CBU(TRIP);EXIM_CBU
EXIM_CCC(TRIP);EXIM_CCC(T
EXIM_CEE_MDN(TRIP_ONCALL);EXIM_CEE_M
EXIM_CHI(TRIP);EXIM_CHI(T
EXIM_CML(TRIP);EXIM_CML(T
EXIM_CML_ITT(TRIP);EXCITTTRIP
EXIM_CMS(TRIP);CMS(T)
EXIM_CMS_SBY(TRIP);EXIM_CMSSB
EXIM_DKJ(TRIP);EXIM_DKJ(T
EXIM_DKJ_SBY(BULK);EXIM_DKJBU
EXIM_DKJ_SBY(TRIP);EXIM_DKJ_S
EXIM_DMC(TRIP);EXIM_DMC(T
EXIM_DYN(TRIP);EXIM_DYN
EXIM_ELI_SBY(TRIP);EXIM_ELISB
EXIM_EPT(TRIP);EXIM_EPT(T
EXIM_FEF_SMG(TRIP);EXIM_FEF_S
EXIM_FIT_SBY(TRIP);EXIM_FITSB
EXIM_FMD(TRIP);EXIM_FMD
EXIM_GCI(TRIP);EXIM_GCI(T
EXIM_GCM(TRIP);EXIM_GCM
EXIM_GCM_MDN(TRIP_ONCALL);EXIM_GCM_M
EXIM_GCM_SBY(TRIP);EXIM_GCMSB
EXIM_GCM_SMG(TRIP);EXIM_GCMSM
EXIM_GEL_SBY(TRIP);EXIM_GELSB
EXIM_GPJ(TRIP);EXIM_GPJ(T
EXIM_GPJ_SBY(TRIP);EXIM_GPJSB
EXIM_GSI(TRIP);EXIM_GSI(T
EXIM_GYI(TRIP);EXIM_GYI(T
EXIM_HDI(TRIP);EXIM_HDI(T
EXIM_HFI_SBY(TRIP);EXIM_HFISB
EXIM_IAI(TRIP);EXIM_IAI(T
EXIM_IFL(TRIP);EXIM_IFL(T
EXIM_IGN(TRIP);EXIM_IGN(T
EXIM_ILO(TRIP);EXIM_ILO
EXIM_IMS(TRIP);EXIM_IMS
EXIM_IND(TRIP);EXIM_IND
EXIM_IND_MDN(TRIP_ONCALL);EXIM_IND_M
EXIM_IND_SBY(TRIP);EXIM_INDSB
EXIM_IPC(TRIP);EXIM_IPC(T
EXIM_IPM(TRIP);IPM(T)
EXIM_IPP(TRIP);EXIM_IPP(T
EXIM_ISI(TRIP);EXIM_ISI(T
EXIM_ISM_SBY(TRIP);EXIM_ISMSB
EXIM_ISM_SMG(TRIP);ISM_SMG(T)
EXIM_ISS_SBY(TRIP);EXIM_ISSSB
EXIM_ITO_SMG(TRIP);EXIM_ITO_H
EXIM_ITT(TRIP);EXIM_ITT(T
EXIM_ITT_MDN(TRIP_ONCALL);EXIM_ITT_M
EXIM_ITT_SBY(TRIP);EXIM_ITT_S
EXIM_ITT_SMG(TRIP);EXIM_ITT_H
EXIM_JDM_SBY(TRIP);EXIM_JDMSB
EXIM_JFE(TRIP_ONCALL);JFE(TO)
EXIM_JJ_MDN(TRIP_ONC;EXIM_JJ_MD
EXIM_KII_MDN(TRIP_ONCALL);EXIM_KII_M
EXIM_KIP_SBY(TRIP);EXIM_KIP_S
EXIM_KPS(TRIP);EXIM_KPS(T
EXIM_KPT(TRIP);EXIM_KPT(T
EXIM_LAE_SBY(TRIP);EXIM_LAESB
EXIM_LGI(TRIP);EXIM_LGI(T
EXIM_LJI(TRIP);LJR(TR)
EXIM_LOC(TRIP);LOC(TR)
EXIM_LPI(TRIP);LPI(TR)
EXIM_LSA(TRIP);EXIM_LSA
EXIM_LSL(TRIP);EXIM_LSL(T
EXIM_LTG_SBY(TRIP);EXIM_LTGSB
EXIM_LTL(TRIP);EXIM_LTL(T
EXIM_LTL_SBY(BULK);EXIM_LTLBU
EXIM_LTL_SBY(TRIP);EXIM_LTL_S
EXIM_LTL_SMG(TRIP);EXIM_LTL_H
EXIM_MAD(TRIP);EXIM_MAD
EXIM_MAI(TRIP);MAI(TR)
EXIM_MAL_SBY(TRIP);EXIM_MALSB
EXIM_MAM(TRIP);EXIM_MAM
EXIM_MBI_SBY(TRIP);EXIM_MBISB
EXIM_MDI(TRIP);MDI(TR)
EXIM_MJI_MDN(TRIP_ONCALL);EXIM_MJI_M
EXIM_MMM_SBY(TRIP);EXIM_MMMSB
EXIM_MM_SBY(TRIP_;EXIM_MMSBY
EXIM_MON(TRIP);EXIM_MON(T
EXIM_MTJ_SBY(TRIP);EXIM_MTJ_S
EXIM_MUM_SBY(TRIP);EXIM_MUMSB
EXIM_NAS_MDN(TRIP_ONCALL);EXIM_NAS_M
EXIM_NIC_MDN(TRIP_ONCALL);EXIM_NIC_M
EXIM_NIS(TRIP);NIS(T)
EXIM_OMF_MDN(TRIP_ONCALL);EXIM_OMF_M
EXIM_PCC(TRIP);PCC (T)
EXIM_PCI(TRIP);EXIM_PCI(T
EXIM_PFI_MDN(TRIP_ONCALL);EXIM_PFIMD
EXIM_PIH(TRIP);EXIM_PIH(T
EXIM_PKG(TRIP);EXIM_PKG(T
EXIM_PKT(TRIP);EXIM_PKT(T
EXIM_PMM(TRIP);EXIM_PMM(T
EXIM_PPL(TRIP);PPL(T)
EXIM_PPT(TRIP);EXIM_PPT(T
EXIM_PPT_MDN(TRIP);EXIM_PPTMD
EXIM_PPT_SBY(TRIP);EXIM_PPTSB
EXIM_PPT_SMG(TRIP);EXIM_PPTSM
EXIM_PPU_SBY(TRIP);EXIM_PPUSB
EXIM_PSI_MDN(TRIP_ONCALL);EXIM_PSI_M
EXIM_PSM_MDN(TRIP_ON;EXIM_PSM_M
EXIM_PTP(TRIP);EXIM_PTP
EXIM_RBF(TRIP);EXIM_RBF(T
EXIM_RKN_SBY(BULK);EXIM_RKNBU
EXIM_RKN_SBY(TRIP);EXIM_RKN_S
EXIM_RPP(TRIP);EXIM_RPP(T
EXIM_RPT_SBY(TRIP);EXIM_RPTSB
EXIM_SAM(TRIP);EXIM_SAM
EXIM_SCI_MDN(TRIP_ONCALL);EXIM_SCI_M
EXIM_SCI_SBY(TRIP);EXIM_SCISB
EXIM_SDK(TRIP);EXIM_SDK(T
EXIM_SEI(TRIP);EXIM_SEI(T
EXIM_SHL(TRIP);EXIM_SHL(T
EXIM_SIG(TRIP);SIG(T)
EXIM_SIP(TRIP);SIP (T)
EXIM_SKY_SBY(TRIP);EXIM_SKYSB
EXIM_SK_MDN(TRIP_ONC;EXIM_SK_MD
EXIM_SLI(TRIP);EXIM_SLI(T
EXIM_SLN(TRIP);EXIM_SLN
EXIM_SMR_MDN(TRIP);EXIM_SMR_M
EXIM_SMR_SBY(TRIP);EXIM_SMRSB
EXIM_SMT(TRIP);EXIM_SMT(T
EXIM_SMT_SBY(TRIP);EXIM_SMTSB
EXIM_SSK_SBY(TRIP);EXIM_SSKSB
EXIM_SSS(TRIP);EXIM_SSS(T
EXIM_SUZ(TRIP);SUZ(T)
EXIM_TBS(TRIP);EXIM_TBS
EXIM_TIU_SBY(TRIP);EXIM_TIUSB
EXIM_TIV(TRIP);EXIM_TIV(T
EXIM_TIV_MDN(TRIP);EXIM_TIVMD
EXIM_TIV_SBY(TRIP);EXIM_TIVSB
EXIM_TIV_SMG(TRIP);EXIM_TIV_S
EXIM_TJS_MDN(TRIP_ONCALL);EXIM_TJS_M
EXIM_TMI_SBY(TRIP);EXIM_TMISB
EXIM_TPB(TRIP);EXIM_TPB(T
EXIM_TSK_MDN(TRIP_ON;EXIM_TSK_M
EXIM_UIC(TRIP);EXIM_UIC(T
EXIM_UJI(TRIP);EXIM_UJI(T
EXIM_UPI_SBY(TRIP);EXIM_UPISB
EXIM_USD_SBY(TRIP);EXIM_USDTR
EXIM_VAL(TRIP);EXIM_VAL(T
EXIM_WFP(TRIP);EXIM_WFP(T
EXIM_WII_SBY(TRIP);EXIM_WIISB
EXIM_YOK(TRIP);EXIM_YOK(T
EXIM_YOK_MDN(TRIP_ONCALL);EXIM_YOKMD
EXIM_YRI(TR);EXIM_YRI
EXIM_YRI(TRIP);EXIM_YRI(T
EXIM_YRI_MDN(TRIP_ONCALL);EXIM_YRI_M
EXT(RENTAL);EXT(R)
FIN_MDN(TRIP_ONCALL);FIN_MDN(TO
FLI_SBY(TRIP);FLI_SBY(T)
GAP_MDN(TRIP_ONCALL);GAP_MDN(TO
GCM(TRIP_ONCALL);GCM(TO)
GCM_MDN(TRIP_ONCALL);GCM_MDN(TR
GCM_SBY(TRIP);GCM_SBYTRI
GDI_SBY(TRIP);GDI_SBY(T)
GII_SBY(TRIP_ONCALL);GII_SBYTR
GJE(TRIP_ONCALL);GJE(TO)
GMJ_SMG(TRIP);GMJ_SMG(TR
GMP(TRIP_ONCALL);GMP(TO)
GPP(TRIP_ONCALL);GPP(TO)
GST_SMG(TRIP_ONCALL);GST_SMG(TO
GYV(TRIP_ONCALL);GYV(TO)
GYV_SBY(TRIP_ONCALL);GYV_SBYTRI
HHL(TRIP_ONCALL);HHL(TO)
HIP(TRIP_ONCALL);HIP(TO)
HMK(TRIP_ONCALL);HMK(TO)
HMS(TRIP_ONCALL);HMS(TO)
HPK(TRIP_ONCALL);HPK(TO)
HPK_SBY(TRIP);HPK_SBYTRI
HRI(TRIP_ONCALL);HRI(TO)
IAI(KG);IAI(KG)
IAI(TRIP);IAI(TR)
IBM(TRIP_ONCALL);IBM(TO)
ICW_SMG(TRIP_ONCALL);ICW_SMG(TO
IDC(TRIP_ONCALL);IDC(TO)
IDM(TRIP_ONCALL);IDM(TO)
IFM_SMG(TRIP);IFM_SMG(T)
IGP_SMG(TRIP);IGP_SMG(T)
IKP(RENTAL);IKP(RENTAL
IKP(RENTAL_VARIABLE);IKP(RV)
IKP(TR);IKP(TR)
IKP(TRIP_ONCALL);IKP(TO)
IKP(TRIP_ONCALLKG_D);IKP(TOK_D)
IKP(TRIP_ONCALLKG_P);IKP(TOK_P)
ILC(TRIP);ILC(TRIP)
ILC(TRIP_ONCALL);ILC(TO)
ILO(TRIP_ONCALL);ILO(TO)
ILT(TRIP_ONCALL);ILT(TO)
IND_MDN(PACKAGE);IND_MDN(PA
IND_MDN(TRIP_ONCALL);IND_MDN(TO
IND_SMG(TRIP);IND_SMG(T)
INL_MDN(KG);INL_MDN(KG
INL_MDN(TRIP_ONCALL);INL_MDN(TO
INS(TRIP_ONCALL);INS(TO)
INS_SBY(TRIP_ONCALL);INS_SBYTRO
IPC(TRIP_ONCALL);IPC(TO)
IPI(TRIP_ONCALL);IPI(TO)
IRS(TRIP_ONCALL);IRS(TO)
ISC(TRIP_ONCALL);ISC(TO)
ISI(TRIP_ONCALL);ISI(TO)
ISM(TRIP_ONCALL);ISM(TO)
ISM_SMG(TRIP);ISM_SMG(TO
ITC(RENTAL);ITC(R)
ITO(RENTAL);ITO(RENTAL
ITO(TRIP);ITO(TRIP)
ITO(TRIP_ONCALL);ITO(ONCALL
ITP(TRIP_ONCALL);ITP(TO)
ITS(KG);ITS(KG)
ITS(KG_16);ITS(KG_16)
ITS(KG_25);ITS(KG_25)
ITT(TRIP_ONCALL);ITT(TO)
ITT_MDN(TRIP_ONCALL);ITT_MDN(TR
ITT_SBY(TRIP);ITT_SBYTRI
ITT_SMG(TRIP);ITT_SMG(TR
IUW(TRIP_ONCALL);IUW(TO)
JJI_MDN(TRIP_ONCALL);JJI_MDN(TO
JMS_SBY(TRIP);JMS_SBYTRI
JNT(TRIP_ONCALL);JNT(TO)
JPL_SBY(TRIP);JPL_SBY(T)
KFI_SBY(TRIP);KFI_SBYTRI
KFI_SMG(TRIP);KFI_SMG(T)
KIG(TRIP_ONCALL);KIG(TO)
KMI(TRIP_ONCALL);KMI(TO)
KPA(TRIP_ONCALL);KPA(TO)
KTI_SBY(TRIP);KTI_SBY(T)
KTL_SMG(TRIP);KTL_SMG(TR
LAM(ONCALLXX);LAM(ONCALL
LAM(TRIP_ONCALL);LAM(TO)
LAM_SBY(TRIP);LAM_SBY(T)
LGL(TRIP_ONCALL);LGL(TO)
LMS(TRIP_ONCALL);LMS(TO)
LNK_SBY(TRIP);LNK_SBYTRI
LNX(RENTAL);LNX(RENTAL
LNX(RENTAL_VARIABLE);LNX(RV)
LSH_SBY(TRIP);LSH_SBYTRI
LTG_SBY(KG);LTG_SBYKG
LTL(KG2000-4000OWN);LTL(KG2-4)
LTL(TRIP);LTL(TRIP)
LTL(TRIP_ONCALL);LTL(TO)
LTL_DC8(RENTAL_VARIABLE);LTL(RV)
LTL_HIBLOW(RENTAL_VARIABLE);LTL_HB(RV)
LTL_MDN(TRIP_ONCALL);LTL_MDN(TO
LTL_SBY(TRIP);LTL_SBY(T)
LTL_SBY(TRIP_VENDOR);LTL_SBY(TV
LTL_SMG(KG);LTL_SMG(KG
LTL_SMG(TRIP_ONCALL);LTL_SMG(TO
LTT_SBY(TRIP);LTT_SBY(T)
MAI(KG);MAI(KG)
MAL_SBY(KG);MAL_SBY(KG
MAL_SBY(TRIP);MAL_SBYTRI
MAP_SBY(TRIP);MAP_SBYTRI
MAS_SMG(TRIP);MAS_SMG(TR
MBI_SBY(TRIP);MBI_SBY(T)
MJN(TRIP_ONCALL);MJN(TO)
MKI(KG);MKI(KG)
MKI(SR);MKI(SR)
MKI(TRIP_ONCALL);MKI(TO)
MLI(TRIP_ONCALL);MLI(TO)
MMA(TRIP_ONCALL);MMA(TO)
MMA_SBY(TRIP);MMA_SBYTR
MMI(TRIP_ONCALL);MMI(TO)
MMK_SBY(TRIP_ONCALL);MMK_SBYTR
MON(TRIP_ONCALL);MON
MPA(TRIP_ONCALL);MPA(TO)
MPB(TRIP_ONCALL);MPB(TO)
MPC(TRIP_ONCALL);MPC(TO)
MPT(SR);MPT(SR)
MPT(TRIP_ONCALL);MPT(TO)
MSI_MDN(KG);MSI_MDN(KG
MTA(TRIP_ONCALL);MTA(TO)
MTA_SBY(TRIP);MTAS_SBYTR
MTG(PACK);MTG(PACK)
MTG(TRIP_ONCALLKG);MTG(TOK)
MTI_SBY(TRIP);MTI_SBY(T)
MTK(TRIP_ONCALL);MTK(TO)
MTS_SBY(TRIP);MTS_SBYTRI
MUM_MDN(TRIP_ONCALL);MUM_MDN(TO
MUT_SBY(TRIP);MUT_SBYTRI
MYR(TRIP_ONCALL);MYR(TO)
NHF(TRIP_ONCALL);NHF(TO)
NLI_SBY(TRIP);NLI_SBYTRI
NLS(RENTAL);NLS(RENTAL
NLS(RENTAL_VARIABLE);NLS(RV)
NLS(TR);NLS(TR)
NLS(TRIP);NLS(TRIP)
NLS(TRIP_ONCALL);NLS(TO)
NLS_SBY(RENTAL_VAR);NLS_SBY(RV
NLS_SBY(TRIP);NLS_SBY(T)
NLS_SBY(TRIP_ONCALL);NLS_SBY(TO
NLS_SMG(RENTAL_VAR);NLS_SMG(RV
NLS_SMG(TRIP_ONCALL);NLS_SMG(TO
NNA(RENTAL);NNA(RENTAL
NNA(RENTAL_VARIABLE);NNA(RV)
NNA(TRIP_ONCALL);NNA(TO)
OII(TRIP_ONCALL);OII(TO)
OKA_SBY(TRIP);OKA_SBY(TR
OMI_SBY(KG);OMI_SBY(KG
PAM(TRIP_ONCALL);PAM(TO)
PBI(TRIP_ONCALL);PBI(TO)
PCI(TRIP_ONCALL);PCI(TO)
PDS(TRIP_ONCALL);PDS(TO)
PDS_SBY(TRIP_ONCALL);PDS_SBYTRI
PFI(TRIP_ONCALL);PFI(TO)
PHA_SMG(TRIP_ONCALL);PHA_SMG(TO
PHV_SBY(TRIP_ONCALL);PHV_SBYTRI
PKG(KG);PKG(KG)
PKG_SBY(KG);PKG_SBYKG
PKU_BULK(KG);PKU_BL(KG)
PMI_SMG(TRIP);PMI_SMG(T)
PMM(TRIP_ONCALL);PMM(TO)
PMT_SBY(TRIP);PMT_SBY(T)
PPG(TRIP_ONCALL);PPG(TO)
PPG_MDN(TRIP_ONCALL);PPG_MDN(TR
PPM_SMG(TRIP);PPM_SMG(TR
PPT(TRIP_ONCALL);PPT(TO)
PPT_MDN(TRIP_ONCALL);PPT_MDN(TO
PPT_SBY(TRIP);PPT_SBYTRI
PPT_SMG(TRIP_ONCALL);PPT_SMG(TO
PPX_SMG(TRIP_ONCALL);PPX_SMG(TO
PRN(TRIP_ONCALL);PRN(TO)
PSP_SMG(KG);PSP_SMG(KG
PSP_SMG(TRIP);PSP_SMG(T)
PSY(TRIP_ONCALL);PSY(TO)
PTA_SMG(TRIP);PTA_SMG(T)
PTW(TRIP_ONCALL);PTW(TO)
PUM_SMG(TRIP);PUM_SMG(TR
PWB_SBY(TRIP_ONCALL);PWB_SBYTRI
QHL_SBY(TRIP);QHL_SBYRTR
RAK(TRIP_ONCALL);RAK(TO)
RAK_SMG(TRIP);RAK_SMG(TR
RAK_SMG(TRIP_RAK);RAK_SMG(TK
RAP(KG_PAPER);RAP(KG_PR)
RAP(KG_YARN);RAP(KG_YN)
RAP(TRIP_ONCALL);RAP(TO)
RBF(TRIP_ONCALL);RBF(TO)
RII(TRIP_ONCALL);RII(TO)
RKN(TRIP_ONCALL);RKN(TO)
RLI(TRIP_ONCALL);RLI(TO)
RPI(TRIP_ONCALL);RPI(TO)
RPI_SBY(TRIP);RPI_SBY(T)
RPT_SBY(TRIP);RPT_SBYTRI
RPX_SMG(TRIP_ONCALL);RPX_SMG(TO
RTI(TRIP_ONCALL);RTI(TO)
RTI_SBY(TRIP);RTI_SBYTRI
RVS(TRIP);RVS(TRIP)
SAF(TRIP_ONCALL);SAF(TO)
SAF_SBY(TRIP);SAF_SBYTRI
SAL(TRIP_ONCALL);SAL(TO)
SAM(RENTAL);SAM(RENTAL
SAM(RENTAL_VARIABLE);SAM(RV)
SAM(TR);SAM(TR)
SAM(TRIP_ONCALL);SAM(TO)
SAM(TRIP_ONCALL_PS);SAM(TO_PS)
SBE(TRIP_ONCALL);SBE(TO)
SBG(KG);SBG(KG)
SBI(KG);SBI(KG)
SBI(TON);SBI(TON)
SBI(TON2);SBI(TON2)
SBL(TRIP_ONCALL);SBL(TO)
SBLCA(TRIP_KG);SBLCA(TK)
SBLFP(TRIP_KG);SBLFP(TK)
SCG(TRIP_ONCALL);SCG(TO)
SCGBRT(TRIP_ONCALL);SCGBRT(TO)
SCI_SBY(TRIP);SCI_SBY(T)
SCP(TRIP);SCP(TRIP)
SDN(TRIP);SDN(TRIP)
SDN(TRIP_ONCALL);SDN(TO)
SDN_SBY(TRIP);SDN_SBY(T)
SDN_SMG(TRIP_ONCALL);SDN_SMG(TO
SGM(TRIP_ONCALL);SGM(TO)
SGM_SMG(TRIP);SGM_SMG(T)
SGS_SMG(TRIP_ONCALL);SGS_SMG(TO
SHP(TRIP_ONCALL);SHP(TO)
SIG(KG);SIG(KG)
SIH(TRIP_ONCALL);SIH(TO)
SIL(TRIP_ONCALL);SIL(TO)
SIP(KG_16TON);SIP(KG_16)
SIP(KG_25TON);SIP(KG_25)
SKA(TRIP_ONCALL);SKA(TO)
SKY_SBY(TRIP);SKY_SBYTRI
SLI(KG);SLI(KG)
SLI(SR);SLI(SR)
SLP_SBY(TRIP);SLP_SBY(TR
SME(TRIP_ONCALL);SME
SMI(KG);SMI(KG)
SMI(TON);SMI(TON)
SMR(RENTAL);SMR(R)
SMR(RENTAL_VARIABLE);SMR(RV)
SMR(TR);SMR(TR)
SMR(TRIP_ONCALL);SMR(TO)
SMR_MDN(TRIP_ONCALL);SMR_MDN(TO
SMR_SBY(TRIP);SMR_SBY(T)
SMS(TRIP_ONCALL);SMS(TO)
SNH_SBY(KG);SNH_SBYKG
SPJ_SMG(TRIP);SPJ_SMG(T)
SPM(KG);SPM(KG)
SPR_SBY(TRIP_ONCALL);SPR_SBYTR
SSO(TRIP_ONCALL);SSO(TO)
SSO_SBY(TRIP);SSO_SBY(T)
SSS(TRIP);SSS(TRIP)
STU(KG);STU(KG)
STU(SR);STU(SR)
SWS(TRIP_ONCALL);SWS(TO)
SWT(SR);SWT(SR)
SWT(TR);SWT(TR)
SWT(TRIP_ONCALL);SWT(TO)
TAG(TRIP_ONCALL);TAG(TO)
TBI(TRIP_ONCALL);TBI(TO)
TIV(IMPORT);TIV(IMP)
TIV(IMPORT)EXCES_SBY;TIVIMPORTE
TIV(IMPORT)_MDN;TIV(IMMDN)
TIV(IMPORT)_SBY;TIV IMPORT
TIV(IMPORT)_SMG;TIV(IMSMG)
TIV(LOKAL);TIV(LOK)
TIV(LOKAL)EXCES_SBY;TIV(LOKAL)
TIV(LOKAL)_MDN;TIV(LOMDN)
TIV(LOKAL)_SBY;TIV LOKAL
TIV(LOKAL)_SMG;TIV(LOSMG)
TIV(RENTAL);TIV(R)
TIV(RENTAL_VARIABLE);TIV(RV)
TIV(TRIP_ONCALL);TIV(TO)
TIV(TRIP_ONCALLSHTL);TIV(TOSTL)
TIVDAN(TRIP);TIVDAN(TRI
TIV_LUMP LOCAL(JKT);TIV_LUMPLC
TIV_LUMP LOCAL(MDN);TIV_LUMPLM
TIV_LUMP LOCAL(SBY);TIV_LUMPLO
TIV_MDN(RENTAL);TIV(RMDN)
TIV_MDN(TRIP_ONCALL);TIV_MDN(TO
TIV_SBY(TRIP);TIV_SBY(T)
TIV_SBY(TRIP_ONCALL);TIV_SBYONC
TIV_SMG(TRIP);TIV_SMG(T)
TKB_SBY(KG);TKB_SBY(K)
TLI(TRIP);TLI(TRIP)
TLI_SMG(TRIP);TLI_SMG(T)
TMD(TRIP_ONCALL);TMD(TO)
TMD_SBY(TRIP);TMD_SBYTRI
TMD_SMG(TRIP_ONCALL);TMD_SMG(TO
TMG_SBY(TRIP);TMG_SBYTRI
TMG_SMG(TRIP_ONCALL);TMG_SMG(TO
TMN(TRIP_ONCALL);TMN(TO)
TMR_SMG(TRIP);TMR_SMG(TR
TMS(TRIP_ONCALL);TMS(TO)
TPM(KG);TPM(KG)
TPS_SBY(TRIP);TPS_SBYTR
TPS_SMG(TRIP);TPS_SMG(T)
TSA(TRIP_ONCALL);TSA(TO)
TSI_SBY(TRIP);TSI_SBYTRI
TSK_MDN(TRIP_ONCALL);TSK_MDN(TO
TTS_BULK(KG);TTS_BULK(K
TUA(TRIP);TUA(TRIP)
UCI_SBY(TRIP);UCI_SBYTRI
ULI(RENTAL);ULI(RENT)
ULI(RENTAL_VARIABLE);ULI(RV)
ULI(TRIP_ONCALL);ULI(TO)
UNV(RENTAL);UNV(RENTAL
UNV(TR);UNV(TR)
UNV_SBY(TRIP);UNV_SBYTRI
USG_SMG(TRIP);USG_SMG(T)
UVS_SBY(TRIP_ONCALL);UVS_SBYTRI
UVS_SMG(TRIP_ONCALL);UVS_SMG(TO
VII_SBY(TRIP);VII_SBYTRI
WGN_SBY(TRIP);WGN_SBYTRI
WJA(TRIP_ONCALL);WJA(TO)
WLI(TRIP_ONCALL);WLI(TO)
WPD_SBY(TRIP);WPD_SBYTRI
WST_SMG(TRIP);WST_SMG(T)
WUJ(TRIP_ONCALL);WUJ(TO)
WUJ_SBY(TRIP);WUJ_SBYTRI
YEI_MDN(TRIP_ONCALL);YEI_MDN(TO
YOK(TRIP_ONCALL);YOK(TO)
YOK_MDN(TRIP_ONCALL);YOK_MDN(TO
YRI_BULK(KG);YRI_BL(KG)
YRI_MDN(KG);YRI_MDN(KG
ZAP(RENTAL);ZAP(R)
ZAP(TR);ZAP(TR)
